Filter, ID, Time_us, Average_time
500, 1, 1033, 0
0, 2, 2498, 0
0, 3, 747, 0
0, 4, 2431, 0
0, 5, 2433, 0
0, 6, 2452, 0
0, 7, 2434, 0
0, 8, 2458, 0
0, 9, 2436, 0
0, 10, 2453, 0
0, 11, 1938, 0
0, 12, 2420, 0
0, 13, 2419, 0
0, 14, 2422, 0
0, 15, 1287, 0
0, 16, 2481, 0
0, 17, 2420, 0
0, 18, 2468, 0
0, 19, 2425, 0
0, 20, 2431, 0
0, 21, 2425, 0
0, 22, 2569, 0
0, 23, 2521, 0
0, 24, 2479, 0
0, 25, 2420, 0
0, 26, 2436, 0
0, 27, 2420, 0
0, 28, 2465, 0
0, 29, 2419, 0
0, 30, 2465, 0
0, 31, 2426, 0
0, 32, 2423, 0
0, 33, 2563, 0
0, 34, 2413, 0
0, 35, 2433, 0
0, 36, 2431, 0
0, 37, 2562, 0
0, 38, 2423, 0
0, 39, 2449, 0
0, 40, 2469, 0
0, 41, 2438, 0
0, 42, 2478, 0
0, 43, 2447, 0
0, 44, 2568, 0
0, 45, 2444, 0
0, 46, 2423, 0
0, 47, 2426, 0
0, 48, 2434, 0
0, 49, 2433, 0
0, 50, 2425, 0
0, 51, 2430, 0
0, 52, 2447, 0
0, 53, 2434, 0
0, 54, 2461, 0
0, 55, 779, 0
0, 56, 736, 0
0, 57, 737, 0
0, 58, 1591, 0
0, 59, 930, 0
0, 60, 2436, 0
0, 0, 0, 2246
1000, 1, 983, 0
0, 2, 990, 0
0, 3, 2395, 0
0, 4, 2282, 0
0, 5, 816, 0
0, 6, 1130, 0
0, 7, 2487, 0
0, 8, 2448, 0
0, 9, 2483, 0
0, 10, 985, 0
0, 11, 1603, 0
0, 12, 2479, 0
0, 13, 1164, 0
0, 14, 981, 0
0, 15, 2504, 0
0, 16, 2495, 0
0, 17, 1143, 0
0, 18, 2458, 0
0, 19, 2484, 0
0, 20, 1196, 0
0, 21, 2388, 0
0, 22, 2442, 0
0, 23, 971, 0
0, 24, 1801, 0
0, 25, 2172, 0
0, 26, 1504, 0
0, 27, 813, 0
0, 28, 2476, 0
0, 29, 2453, 0
0, 30, 2454, 0
0, 31, 2457, 0
0, 32, 2562, 0
0, 33, 979, 0
0, 34, 2487, 0
0, 35, 1136, 0
0, 36, 2483, 0
0, 37, 818, 0
0, 38, 2464, 0
0, 39, 2446, 0
0, 40, 2575, 0
0, 41, 2595, 0
0, 42, 2442, 0
0, 43, 2445, 0
0, 44, 2450, 0
0, 45, 2458, 0
0, 46, 2583, 0
0, 47, 2449, 0
0, 48, 2487, 0
0, 49, 2461, 0
0, 50, 2491, 0
0, 51, 2452, 0
0, 52, 2452, 0
0, 53, 2452, 0
0, 54, 2449, 0
0, 55, 2452, 0
0, 56, 2447, 0
0, 57, 2457, 0
0, 58, 2480, 0
0, 59, 2589, 0
0, 60, 2479, 0
0, 0, 0, 2082
1500, 1, 865, 0
0, 2, 2507, 0
0, 3, 1084, 0
0, 4, 2519, 0
0, 5, 1007, 0
0, 6, 2476, 0
0, 7, 2611, 0
0, 8, 2348, 0
0, 9, 2487, 0
0, 10, 2596, 0
0, 11, 862, 0
0, 12, 2535, 0
0, 13, 2480, 0
0, 14, 2476, 0
0, 15, 2468, 0
0, 16, 2470, 0
0, 17, 2480, 0
0, 18, 2535, 0
0, 19, 2481, 0
0, 20, 2522, 0
0, 21, 1020, 0
0, 22, 2592, 0
0, 23, 1016, 0
0, 24, 6736, 0
0, 25, 1045, 0
0, 26, 2476, 0
0, 27, 1187, 0
0, 28, 2495, 0
0, 29, 1248, 0
0, 30, 2520, 0
0, 31, 1107, 0
0, 32, 2603, 0
0, 33, 2451, 0
0, 34, 2489, 0
0, 35, 2471, 0
0, 36, 2465, 0
0, 37, 2479, 0
0, 38, 1120, 0
0, 39, 2519, 0
0, 40, 1038, 0
0, 41, 2486, 0
0, 42, 1181, 0
0, 43, 2542, 0
0, 44, 898, 0
0, 45, 2522, 0
0, 46, 1026, 0
0, 47, 2506, 0
0, 48, 844, 0
0, 49, 1026, 0
0, 50, 1098, 0
0, 51, 1355, 0
0, 52, 2247, 0
0, 53, 1260, 0
0, 54, 1533, 0
0, 55, 1105, 0
0, 56, 868, 0
0, 57, 1112, 0
0, 58, 1439, 0
0, 59, 1750, 0
0, 60, 1039, 0
0, 0, 0, 1945
2000, 1, 1230, 0
0, 2, 1478, 0
0, 3, 1051, 0
0, 4, 1964, 0
0, 5, 1267, 0
0, 6, 1061, 0
0, 7, 1068, 0
0, 8, 1203, 0
0, 9, 1073, 0
0, 10, 2532, 0
0, 11, 1981, 0
0, 12, 1066, 0
0, 13, 1594, 0
0, 14, 1567, 0
0, 15, 1091, 0
0, 16, 1854, 0
0, 17, 1900, 0
0, 18, 904, 0
0, 19, 1055, 0
0, 20, 2541, 0
0, 21, 1033, 0
0, 22, 2493, 0
0, 23, 2632, 0
0, 24, 1050, 0
0, 25, 2311, 0
0, 26, 2508, 0
0, 27, 2493, 0
0, 28, 2599, 0
0, 29, 1245, 0
0, 30, 2491, 0
0, 31, 2624, 0
0, 32, 2538, 0
0, 33, 2532, 0
0, 34, 920, 0
0, 35, 2558, 0
0, 36, 908, 0
0, 37, 2491, 0
0, 38, 1602, 0
0, 39, 2565, 0
0, 40, 1127, 0
0, 41, 2540, 0
0, 42, 922, 0
0, 43, 2645, 0
0, 44, 1206, 0
0, 45, 2533, 0
0, 46, 1038, 0
0, 47, 2531, 0
0, 48, 2543, 0
0, 49, 2504, 0
0, 50, 2549, 0
0, 51, 1314, 0
0, 52, 2510, 0
0, 53, 1058, 0
0, 54, 2498, 0
0, 55, 2505, 0
0, 56, 2495, 0
0, 57, 2543, 0
0, 58, 1133, 0
0, 59, 2540, 0
0, 60, 1193, 0
0, 0, 0, 1850
2500, 1, 2521, 0
0, 2, 2588, 0
0, 3, 1193, 0
0, 4, 2524, 0
0, 5, 2522, 0
0, 6, 1097, 0
0, 7, 2520, 0
0, 8, 2547, 0
0, 9, 2529, 0
0, 10, 2518, 0
0, 11, 1205, 0
0, 12, 2542, 0
0, 13, 2519, 0
0, 14, 1223, 0
0, 15, 2529, 0
0, 16, 2394, 0
0, 17, 1225, 0
0, 18, 2579, 0
0, 19, 2504, 0
0, 20, 936, 0
0, 21, 2590, 0
0, 22, 1108, 0
0, 23, 2527, 0
0, 24, 2547, 0
0, 25, 985, 0
0, 26, 2525, 0
0, 27, 2659, 0
0, 28, 1128, 0
0, 29, 1199, 0
0, 30, 1101, 0
0, 31, 1092, 0
0, 32, 1121, 0
0, 33, 1112, 0
0, 34, 1260, 0
0, 35, 1083, 0
0, 36, 1114, 0
0, 37, 1262, 0
0, 38, 1264, 0
0, 39, 1088, 0
0, 40, 1200, 0
0, 41, 1278, 0
0, 42, 1091, 0
0, 43, 1078, 0
0, 44, 1087, 0
0, 45, 1273, 0
0, 46, 1079, 0
0, 47, 1253, 0
0, 48, 1106, 0
0, 49, 1107, 0
0, 50, 1256, 0
0, 51, 1100, 0
0, 52, 1098, 0
0, 53, 1084, 0
0, 54, 1102, 0
0, 55, 2548, 0
0, 56, 2523, 0
0, 57, 2524, 0
0, 58, 2557, 0
0, 59, 1091, 0
0, 60, 2556, 0
0, 0, 0, 1699
3000, 1, 2683, 0
0, 2, 1129, 0
0, 3, 2702, 0
0, 4, 2614, 0
0, 5, 1188, 0
0, 6, 2589, 0
0, 7, 1114, 0
0, 8, 2555, 0
0, 9, 2560, 0
0, 10, 1291, 0
0, 11, 2565, 0
0, 12, 2557, 0
0, 13, 1388, 0
0, 14, 2605, 0
0, 15, 2573, 0
0, 16, 1287, 0
0, 17, 2613, 0
0, 18, 2565, 0
0, 19, 1103, 0
0, 20, 2366, 0
0, 21, 2564, 0
0, 22, 1292, 0
0, 23, 2544, 0
0, 24, 2594, 0
0, 25, 1120, 0
0, 26, 2701, 0
0, 27, 2609, 0
0, 28, 1248, 0
0, 29, 2610, 0
0, 30, 2587, 0
0, 31, 966, 0
0, 32, 2690, 0
0, 33, 2551, 0
0, 34, 1358, 0
0, 35, 2576, 0
0, 36, 1108, 0
0, 37, 2697, 0
0, 38, 2573, 0
0, 39, 2608, 0
0, 40, 2574, 0
0, 41, 957, 0
0, 42, 2556, 0
0, 43, 2571, 0
0, 44, 1167, 0
0, 45, 2599, 0
0, 46, 2608, 0
0, 47, 1128, 0
0, 48, 2651, 0
0, 49, 2609, 0
0, 50, 1169, 0
0, 51, 2685, 0
0, 52, 2550, 0
0, 53, 978, 0
0, 54, 2550, 0
0, 55, 2587, 0
0, 56, 1114, 0
0, 57, 1129, 0
0, 58, 1275, 0
0, 59, 2563, 0
0, 60, 1129, 0
0, 0, 0, 2069
3500, 1, 1141, 0
0, 2, 2614, 0
0, 3, 1303, 0
0, 4, 1271, 0
0, 5, 1259, 0
0, 6, 2587, 0
0, 7, 1295, 0
0, 8, 1132, 0
0, 9, 1378, 0
0, 10, 1381, 0
0, 11, 1299, 0
0, 12, 1266, 0
0, 13, 1301, 0
0, 14, 2641, 0
0, 15, 1125, 0
0, 16, 1140, 0
0, 17, 1430, 0
0, 18, 1272, 0
0, 19, 1315, 0
0, 20, 2596, 0
0, 21, 2585, 0
0, 22, 1810, 0
0, 23, 1303, 0
0, 24, 1263, 0
0, 25, 984, 0
0, 26, 1316, 0
0, 27, 1388, 0
0, 28, 985, 0
0, 29, 1329, 0
0, 30, 1275, 0
0, 31, 983, 0
0, 32, 994, 0
0, 33, 2603, 0
0, 34, 1190, 0
0, 35, 1391, 0
0, 36, 1465, 0
0, 37, 1328, 0
0, 38, 1166, 0
0, 39, 2624, 0
0, 40, 1755, 0
0, 41, 977, 0
0, 42, 1145, 0
0, 43, 2611, 0
0, 44, 987, 0
0, 45, 2575, 0
0, 46, 980, 0
0, 47, 2698, 0
0, 48, 2580, 0
0, 49, 2720, 0
0, 50, 1155, 0
0, 51, 2589, 0
0, 52, 2621, 0
0, 53, 2593, 0
0, 54, 1234, 0
0, 55, 2632, 0
0, 56, 978, 0
0, 57, 2588, 0
0, 58, 1315, 0
0, 59, 2585, 0
0, 60, 2646, 0
0, 0, 0, 1678
4000, 1, 2632, 0
0, 2, 1172, 0
0, 3, 2607, 0
0, 4, 1187, 0
0, 5, 2604, 0
0, 6, 2653, 0
0, 7, 1157, 0
0, 8, 2628, 0
0, 9, 2632, 0
0, 10, 1017, 0
0, 11, 2644, 0
0, 12, 2612, 0
0, 13, 1007, 0
0, 14, 2613, 0
0, 15, 2651, 0
0, 16, 1003, 0
0, 17, 2599, 0
0, 18, 1202, 0
0, 19, 2601, 0
0, 20, 999, 0
0, 21, 2596, 0
0, 22, 2746, 0
0, 23, 2602, 0
0, 24, 2639, 0
0, 25, 2604, 0
0, 26, 1023, 0
0, 27, 2585, 0
0, 28, 2519, 0
0, 29, 1148, 0
0, 30, 2648, 0
0, 31, 2583, 0
0, 32, 2709, 0
0, 33, 2623, 0
0, 34, 2647, 0
0, 35, 2721, 0
0, 36, 2607, 0
0, 37, 2597, 0
0, 38, 1009, 0
0, 39, 2608, 0
0, 40, 2593, 0
0, 41, 1180, 0
0, 42, 2667, 0
0, 43, 2721, 0
0, 44, 1157, 0
0, 45, 2747, 0
0, 46, 1019, 0
0, 47, 1018, 0
0, 48, 1180, 0
0, 49, 2737, 0
0, 50, 2444, 0
0, 51, 1166, 0
0, 52, 1270, 0
0, 53, 2592, 0
0, 54, 1163, 0
0, 55, 1165, 0
0, 56, 1193, 0
0, 57, 1161, 0
0, 58, 1183, 0
0, 59, 1284, 0
0, 60, 1263, 0
0, 0, 0, 2005
4500, 1, 1237, 0
0, 2, 2660, 0
0, 3, 1191, 0
0, 4, 1355, 0
0, 5, 2612, 0
0, 6, 1202, 0
0, 7, 2633, 0
0, 8, 2659, 0
0, 9, 2662, 0
0, 10, 2632, 0
0, 11, 1181, 0
0, 12, 2673, 0
0, 13, 2675, 0
0, 14, 2744, 0
0, 15, 1192, 0
0, 16, 2620, 0
0, 17, 2681, 0
0, 18, 2638, 0
0, 19, 1247, 0
0, 20, 2648, 0
0, 21, 2570, 0
0, 22, 1227, 0
0, 23, 2621, 0
0, 24, 2605, 0
0, 25, 2594, 0
0, 26, 1033, 0
0, 27, 2602, 0
0, 28, 2666, 0
0, 29, 2621, 0
0, 30, 2631, 0
0, 31, 1176, 0
0, 32, 2486, 0
0, 33, 2626, 0
0, 34, 1220, 0
0, 35, 2619, 0
0, 36, 2620, 0
0, 37, 2649, 0
0, 38, 1254, 0
0, 39, 2225, 0
0, 40, 2638, 0
0, 41, 2680, 0
0, 42, 1330, 0
0, 43, 1386, 0
0, 44, 1019, 0
0, 45, 2681, 0
0, 46, 2623, 0
0, 47, 1182, 0
0, 48, 2625, 0
0, 49, 2665, 0
0, 50, 2628, 0
0, 51, 1184, 0
0, 52, 1041, 0
0, 53, 2661, 0
0, 54, 2653, 0
0, 55, 2603, 0
0, 56, 2614, 0
0, 57, 1179, 0
0, 58, 2653, 0
0, 59, 2605, 0
0, 60, 2649, 0
0, 0, 0, 2174
5000, 1, 1252, 0
0, 2, 1198, 0
0, 3, 2146, 0
0, 4, 2568, 0
0, 5, 2074, 0
0, 6, 2211, 0
0, 7, 2654, 0
0, 8, 1218, 0
0, 9, 2101, 0
0, 10, 2113, 0
0, 11, 1243, 0
0, 12, 1230, 0
0, 13, 1221, 0
0, 14, 1220, 0
0, 15, 1737, 0
0, 16, 2127, 0
0, 17, 2106, 0
0, 18, 2664, 0
0, 19, 2796, 0
0, 20, 2645, 0
0, 21, 1206, 0
0, 22, 1243, 0
0, 23, 2647, 0
0, 24, 2642, 0
0, 25, 2653, 0
0, 26, 2687, 0
0, 27, 2696, 0
0, 28, 2649, 0
0, 29, 1050, 0
0, 30, 2682, 0
0, 31, 2656, 0
0, 32, 2637, 0
0, 33, 1211, 0
0, 34, 2781, 0
0, 35, 2658, 0
0, 36, 2515, 0
0, 37, 2649, 0
0, 38, 2676, 0
0, 39, 1219, 0
0, 40, 1365, 0
0, 41, 2157, 0
0, 42, 2631, 0
0, 43, 2649, 0
0, 44, 2638, 0
0, 45, 2637, 0
0, 46, 2640, 0
0, 47, 2677, 0
0, 48, 2638, 0
0, 49, 2668, 0
0, 50, 1076, 0
0, 51, 2643, 0
0, 52, 2673, 0
0, 53, 1061, 0
0, 54, 2707, 0
0, 55, 2678, 0
0, 56, 2701, 0
0, 57, 2610, 0
0, 58, 2640, 0
0, 59, 2613, 0
0, 60, 1037, 0
0, 0, 0, 2180
5500, 1, 1379, 0
0, 2, 1066, 0
0, 3, 2668, 0
0, 4, 2708, 0
0, 5, 2686, 0
0, 6, 2663, 0
0, 7, 2653, 0
0, 8, 2689, 0
0, 9, 2664, 0
0, 10, 1268, 0
0, 11, 1717, 0
0, 12, 1391, 0
0, 13, 1412, 0
0, 14, 1241, 0
0, 15, 1256, 0
0, 16, 1271, 0
0, 17, 1574, 0
0, 18, 1619, 0
0, 19, 2029, 0
0, 20, 1828, 0
0, 21, 2252, 0
0, 22, 1998, 0
0, 23, 1244, 0
0, 24, 1725, 0
0, 25, 1249, 0
0, 26, 1244, 0
0, 27, 1234, 0
0, 28, 1336, 0
0, 29, 1270, 0
0, 30, 2792, 0
0, 31, 2689, 0
0, 32, 2665, 0
0, 33, 2667, 0
0, 34, 2721, 0
0, 35, 2678, 0
0, 36, 2689, 0
0, 37, 2642, 0
0, 38, 2669, 0
0, 39, 1399, 0
0, 40, 1252, 0
0, 41, 2267, 0
0, 42, 2680, 0
0, 43, 2714, 0
0, 44, 2717, 0
0, 45, 2697, 0
0, 46, 2664, 0
0, 47, 2678, 0
0, 48, 2693, 0
0, 49, 2680, 0
0, 50, 1259, 0
0, 51, 1084, 0
0, 52, 2659, 0
0, 53, 2695, 0
0, 54, 2669, 0
0, 55, 2710, 0
0, 56, 2654, 0
0, 57, 1078, 0
0, 58, 2719, 0
0, 59, 2688, 0
0, 60, 2703, 0
0, 0, 0, 2115
6000, 1, 2712, 0
0, 2, 2691, 0
0, 3, 2689, 0
0, 4, 2677, 0
0, 5, 2734, 0
0, 6, 2737, 0
0, 7, 2673, 0
0, 8, 2722, 0
0, 9, 1263, 0
0, 10, 1380, 0
0, 11, 1277, 0
0, 12, 2696, 0
0, 13, 2694, 0
0, 14, 2696, 0
0, 15, 1272, 0
0, 16, 2485, 0
0, 17, 1269, 0
0, 18, 1264, 0
0, 19, 1313, 0
0, 20, 1255, 0
0, 21, 1253, 0
0, 22, 1287, 0
0, 23, 1438, 0
0, 24, 2724, 0
0, 25, 2715, 0
0, 26, 1262, 0
0, 27, 1565, 0
0, 28, 1274, 0
0, 29, 1749, 0
0, 30, 1964, 0
0, 31, 1881, 0
0, 32, 1275, 0
0, 33, 1098, 0
0, 34, 2678, 0
0, 35, 2719, 0
0, 36, 2682, 0
0, 37, 2725, 0
0, 38, 2703, 0
0, 39, 2687, 0
0, 40, 2750, 0
0, 41, 2710, 0
0, 42, 2716, 0
0, 43, 2725, 0
0, 44, 2448, 0
0, 45, 2665, 0
0, 46, 2677, 0
0, 47, 2711, 0
0, 48, 2690, 0
0, 49, 2684, 0
0, 50, 2706, 0
0, 51, 2694, 0
0, 52, 2655, 0
0, 53, 2735, 0
0, 54, 2741, 0
0, 55, 2695, 0
0, 56, 2659, 0
0, 57, 2690, 0
0, 58, 2742, 0
0, 59, 1264, 0
0, 60, 1100, 0
0, 0, 0, 2227
6500, 1, 2712, 0
0, 2, 2759, 0
0, 3, 2769, 0
0, 4, 2730, 0
0, 5, 2694, 0
0, 6, 2747, 0
0, 7, 2748, 0
0, 8, 2820, 0
0, 9, 2730, 0
0, 10, 2822, 0
0, 11, 2708, 0
0, 12, 2740, 0
0, 13, 2817, 0
0, 14, 1259, 0
0, 15, 1354, 0
0, 16, 1294, 0
0, 17, 1375, 0
0, 18, 1602, 0
0, 19, 1559, 0
0, 20, 1435, 0
0, 21, 1325, 0
0, 22, 1805, 0
0, 23, 1509, 0
0, 24, 1304, 0
0, 25, 1568, 0
0, 26, 1283, 0
0, 27, 1300, 0
0, 28, 1287, 0
0, 29, 2751, 0
0, 30, 1520, 0
0, 31, 1536, 0
0, 32, 1512, 0
0, 33, 1450, 0
0, 34, 1420, 0
0, 35, 1133, 0
0, 36, 1379, 0
0, 37, 1424, 0
0, 38, 1397, 0
0, 39, 1443, 0
0, 40, 1304, 0
0, 41, 1395, 0
0, 42, 2706, 0
0, 43, 1294, 0
0, 44, 1294, 0
0, 45, 2693, 0
0, 46, 2703, 0
0, 47, 2747, 0
0, 48, 2597, 0
0, 49, 2712, 0
0, 50, 2741, 0
0, 51, 1265, 0
0, 52, 2161, 0
0, 53, 2293, 0
0, 54, 1306, 0
0, 55, 2697, 0
0, 56, 2748, 0
0, 57, 2711, 0
0, 58, 2713, 0
0, 59, 2732, 0
0, 60, 2768, 0
0, 0, 0, 2026
7000, 1, 2769, 0
0, 2, 2825, 0
0, 3, 2780, 0
0, 4, 2723, 0
0, 5, 2751, 0
0, 6, 2717, 0
0, 7, 2769, 0
0, 8, 2764, 0
0, 9, 2827, 0
0, 10, 2730, 0
0, 11, 2770, 0
0, 12, 2736, 0
0, 13, 2730, 0
0, 14, 2712, 0
0, 15, 2764, 0
0, 16, 2723, 0
0, 17, 2869, 0
0, 18, 2746, 0
0, 19, 2857, 0
0, 20, 2842, 0
0, 21, 2735, 0
0, 22, 2837, 0
0, 23, 2851, 0
0, 24, 2722, 0
0, 25, 2735, 0
0, 26, 1308, 0
0, 27, 1550, 0
0, 28, 1809, 0
0, 29, 1543, 0
0, 30, 2771, 0
0, 31, 1336, 0
0, 32, 1477, 0
0, 33, 1328, 0
0, 34, 1473, 0
0, 35, 1447, 0
0, 36, 2762, 0
0, 37, 1323, 0
0, 38, 1312, 0
0, 39, 2759, 0
0, 40, 1323, 0
0, 41, 1800, 0
0, 42, 2722, 0
0, 43, 1305, 0
0, 44, 1486, 0
0, 45, 1418, 0
0, 46, 1356, 0
0, 47, 1543, 0
0, 48, 1451, 0
0, 49, 1150, 0
0, 50, 2715, 0
0, 51, 2758, 0
0, 52, 2712, 0
0, 53, 2754, 0
0, 54, 2769, 0
0, 55, 2781, 0
0, 56, 2729, 0
0, 57, 2750, 0
0, 58, 2727, 0
0, 59, 2725, 0
0, 60, 2780, 0
0, 0, 0, 2320
7500, 1, 2732, 0
0, 2, 2737, 0
0, 3, 2733, 0
0, 4, 2776, 0
0, 5, 2751, 0
0, 6, 2740, 0
0, 7, 2819, 0
0, 8, 2739, 0
0, 9, 2742, 0
0, 10, 2763, 0
0, 11, 2758, 0
0, 12, 2745, 0
0, 13, 2800, 0
0, 14, 2697, 0
0, 15, 2749, 0
0, 16, 2789, 0
0, 17, 2782, 0
0, 18, 2777, 0
0, 19, 2779, 0
0, 20, 2786, 0
0, 21, 2807, 0
0, 22, 2765, 0
0, 23, 2760, 0
0, 24, 2734, 0
0, 25, 1331, 0
0, 26, 1437, 0
0, 27, 2801, 0
0, 28, 1450, 0
0, 29, 1577, 0
0, 30, 2780, 0
0, 31, 2743, 0
0, 32, 1436, 0
0, 33, 2450, 0
0, 34, 1344, 0
0, 35, 2746, 0
0, 36, 1476, 0
0, 37, 2670, 0
0, 38, 1353, 0
0, 39, 1408, 0
0, 40, 1342, 0
0, 41, 1514, 0
0, 42, 1484, 0
0, 43, 1318, 0
0, 44, 2786, 0
0, 45, 2815, 0
0, 46, 2876, 0
0, 47, 2752, 0
0, 48, 1453, 0
0, 49, 2744, 0
0, 50, 2764, 0
0, 51, 1189, 0
0, 52, 1326, 0
0, 53, 2294, 0
0, 54, 1169, 0
0, 55, 2883, 0
0, 56, 2637, 0
0, 57, 2809, 0
0, 58, 2818, 0
0, 59, 2741, 0
0, 60, 2753, 0
0, 0, 0, 2362
8000, 1, 2908, 0
0, 2, 2821, 0
0, 3, 2832, 0
0, 4, 2786, 0
0, 5, 2769, 0
0, 6, 2783, 0
0, 7, 2228, 0
0, 8, 1384, 0
0, 9, 1473, 0
0, 10, 1346, 0
0, 11, 2798, 0
0, 12, 2795, 0
0, 13, 2920, 0
0, 14, 2803, 0
0, 15, 1204, 0
0, 16, 2765, 0
0, 17, 2768, 0
0, 18, 1363, 0
0, 19, 2404, 0
0, 20, 2777, 0
0, 21, 1430, 0
0, 22, 2779, 0
0, 23, 1225, 0
0, 24, 1476, 0
0, 25, 2847, 0
0, 26, 2798, 0
0, 27, 2781, 0
0, 28, 2739, 0
0, 29, 2860, 0
0, 30, 1365, 0
0, 31, 1551, 0
0, 32, 1360, 0
0, 33, 2351, 0
0, 34, 2816, 0
0, 35, 1537, 0
0, 36, 2811, 0
0, 37, 2822, 0
0, 38, 2760, 0
0, 39, 1386, 0
0, 40, 2308, 0
0, 41, 2770, 0
0, 42, 1476, 0
0, 43, 1358, 0
0, 44, 2796, 0
0, 45, 1311, 0
0, 46, 2887, 0
0, 47, 2805, 0
0, 48, 2763, 0
0, 49, 2772, 0
0, 50, 1495, 0
0, 51, 1383, 0
0, 52, 1359, 0
0, 53, 1405, 0
0, 54, 1369, 0
0, 55, 2861, 0
0, 56, 2765, 0
0, 57, 2790, 0
0, 58, 2779, 0
0, 59, 1370, 0
0, 60, 2647, 0
0, 0, 0, 2251
8500, 1, 2169, 0
0, 2, 1540, 0
0, 3, 2828, 0
0, 4, 2822, 0
0, 5, 2820, 0
0, 6, 2920, 0
0, 7, 2054, 0
0, 8, 1384, 0
0, 9, 1390, 0
0, 10, 2912, 0
0, 11, 2779, 0
0, 12, 2780, 0
0, 13, 2844, 0
0, 14, 2774, 0
0, 15, 2146, 0
0, 16, 2799, 0
0, 17, 1425, 0
0, 18, 1481, 0
0, 19, 1348, 0
0, 20, 2787, 0
0, 21, 2840, 0
0, 22, 1365, 0
0, 23, 2784, 0
0, 24, 1379, 0
0, 25, 2873, 0
0, 26, 1522, 0
0, 27, 2371, 0
0, 28, 1794, 0
0, 29, 2221, 0
0, 30, 1470, 0
0, 31, 1367, 0
0, 32, 1486, 0
0, 33, 2483, 0
0, 34, 2457, 0
0, 35, 1412, 0
0, 36, 1382, 0
0, 37, 1375, 0
0, 38, 1214, 0
0, 39, 1555, 0
0, 40, 2775, 0
0, 41, 2827, 0
0, 42, 2768, 0
0, 43, 2843, 0
0, 44, 2894, 0
0, 45, 2782, 0
0, 46, 1378, 0
0, 47, 1202, 0
0, 48, 2781, 0
0, 49, 1511, 0
0, 50, 2836, 0
0, 51, 2819, 0
0, 52, 2829, 0
0, 53, 2799, 0
0, 54, 2802, 0
0, 55, 2165, 0
0, 56, 1497, 0
0, 57, 2828, 0
0, 58, 2805, 0
0, 59, 2823, 0
0, 60, 2928, 0
0, 0, 0, 2237
9000, 1, 2329, 0
0, 2, 2851, 0
0, 3, 2863, 0
0, 4, 2792, 0
0, 5, 2825, 0
0, 6, 1484, 0
0, 7, 2808, 0
0, 8, 2844, 0
0, 9, 2804, 0
0, 10, 2851, 0
0, 11, 2808, 0
0, 12, 1380, 0
0, 13, 1385, 0
0, 14, 1403, 0
0, 15, 1506, 0
0, 16, 1519, 0
0, 17, 1405, 0
0, 18, 1535, 0
0, 19, 2818, 0
0, 20, 1459, 0
0, 21, 1414, 0
0, 22, 2412, 0
0, 23, 1542, 0
0, 24, 2814, 0
0, 25, 1492, 0
0, 26, 1594, 0
0, 27, 1587, 0
0, 28, 1575, 0
0, 29, 1553, 0
0, 30, 1638, 0
0, 31, 1607, 0
0, 32, 1507, 0
0, 33, 1401, 0
0, 34, 1575, 0
0, 35, 1675, 0
0, 36, 1400, 0
0, 37, 1249, 0
0, 38, 2803, 0
0, 39, 1244, 0
0, 40, 1456, 0
0, 41, 1432, 0
0, 42, 2805, 0
0, 43, 2807, 0
0, 44, 2851, 0
0, 45, 2812, 0
0, 46, 2169, 0
0, 47, 1482, 0
0, 48, 2845, 0
0, 49, 2857, 0
0, 50, 2805, 0
0, 51, 2799, 0
0, 52, 2928, 0
0, 53, 1495, 0
0, 54, 2875, 0
0, 55, 2812, 0
0, 56, 2844, 0
0, 57, 2931, 0
0, 58, 2811, 0
0, 59, 2891, 0
0, 60, 2816, 0
0, 0, 0, 2154
9500, 1, 2872, 0
0, 2, 2862, 0
0, 3, 2825, 0
0, 4, 2835, 0
0, 5, 2127, 0
0, 6, 1593, 0
0, 7, 2824, 0
0, 8, 2799, 0
0, 9, 2823, 0
0, 10, 2967, 0
0, 11, 2960, 0
0, 12, 1412, 0
0, 13, 1412, 0
0, 14, 2843, 0
0, 15, 2345, 0
0, 16, 1560, 0
0, 17, 1583, 0
0, 18, 1421, 0
0, 19, 1556, 0
0, 20, 1718, 0
0, 21, 1519, 0
0, 22, 1418, 0
0, 23, 1748, 0
0, 24, 1393, 0
0, 25, 2400, 0
0, 26, 1427, 0
0, 27, 2857, 0
0, 28, 2955, 0
0, 29, 2945, 0
0, 30, 2888, 0
0, 31, 2975, 0
0, 32, 1408, 0
0, 33, 2877, 0
0, 34, 2961, 0
0, 35, 2865, 0
0, 36, 1263, 0
0, 37, 2885, 0
0, 38, 2860, 0
0, 39, 2824, 0
0, 40, 2817, 0
0, 41, 1280, 0
0, 42, 2823, 0
0, 43, 2864, 0
0, 44, 2824, 0
0, 45, 2367, 0
0, 46, 1585, 0
0, 47, 2814, 0
0, 48, 2948, 0
0, 49, 2957, 0
0, 50, 1250, 0
0, 51, 1607, 0
0, 52, 2828, 0
0, 53, 2883, 0
0, 54, 2975, 0
0, 55, 2829, 0
0, 56, 2377, 0
0, 57, 1557, 0
0, 58, 2866, 0
0, 59, 2825, 0
0, 60, 1418, 0
0, 0, 0, 2341
10000, 1, 1425, 0
0, 2, 1560, 0
0, 3, 1554, 0
0, 4, 1563, 0
0, 5, 2891, 0
0, 6, 1594, 0
0, 7, 1539, 0
0, 8, 1536, 0
0, 9, 2647, 0
0, 10, 1577, 0
0, 11, 1527, 0
0, 12, 1443, 0
0, 13, 1413, 0
0, 14, 2842, 0
0, 15, 2884, 0
0, 16, 1268, 0
0, 17, 2947, 0
0, 18, 2902, 0
0, 19, 2823, 0
0, 20, 2892, 0
0, 21, 2897, 0
0, 22, 1448, 0
0, 23, 2904, 0
0, 24, 2850, 0
0, 25, 2684, 0
0, 26, 1552, 0
0, 27, 2859, 0
0, 28, 2888, 0
0, 29, 2838, 0
0, 30, 1275, 0
0, 31, 2960, 0
0, 32, 1296, 0
0, 33, 2853, 0
0, 34, 1476, 0
0, 35, 2883, 0
0, 36, 2921, 0
0, 37, 1426, 0
0, 38, 2915, 0
0, 39, 2925, 0
0, 40, 2851, 0
0, 41, 2908, 0
0, 42, 2868, 0
0, 43, 2848, 0
0, 44, 2875, 0
0, 45, 2887, 0
0, 46, 2953, 0
0, 47, 1892, 0
0, 48, 1281, 0
0, 49, 1393, 0
0, 50, 1640, 0
0, 51, 1438, 0
0, 52, 1447, 0
0, 53, 2893, 0
0, 54, 1552, 0
0, 55, 1518, 0
0, 56, 2858, 0
0, 57, 1419, 0
0, 58, 1444, 0
0, 59, 2423, 0
0, 60, 2874, 0
0, 0, 0, 2215
10500, 1, 1506, 0
0, 2, 1647, 0
0, 3, 1464, 0
0, 4, 1577, 0
0, 5, 1896, 0
0, 6, 1287, 0
0, 7, 2857, 0
0, 8, 2894, 0
0, 9, 1303, 0
0, 10, 2898, 0
0, 11, 2868, 0
0, 12, 2930, 0
0, 13, 3001, 0
0, 14, 2847, 0
0, 15, 1453, 0
0, 16, 2741, 0
0, 17, 2867, 0
0, 18, 1622, 0
0, 19, 2985, 0
0, 20, 2848, 0
0, 21, 1293, 0
0, 22, 2872, 0
0, 23, 2867, 0
0, 24, 2970, 0
0, 25, 2865, 0
0, 26, 2997, 0
0, 27, 2986, 0
0, 28, 1311, 0
0, 29, 2901, 0
0, 30, 2863, 0
0, 31, 2867, 0
0, 32, 2905, 0
0, 33, 2867, 0
0, 34, 2898, 0
0, 35, 2867, 0
0, 36, 2867, 0
0, 37, 1511, 0
0, 38, 1459, 0
0, 39, 1469, 0
0, 40, 1482, 0
0, 41, 2852, 0
0, 42, 2306, 0
0, 43, 2910, 0
0, 44, 1626, 0
0, 45, 2862, 0
0, 46, 1661, 0
0, 47, 2891, 0
0, 48, 1473, 0
0, 49, 1944, 0
0, 50, 1453, 0
0, 51, 2842, 0
0, 52, 2863, 0
0, 53, 2867, 0
0, 54, 2906, 0
0, 55, 2869, 0
0, 56, 2871, 0
0, 57, 2909, 0
0, 58, 2990, 0
0, 59, 2478, 0
0, 60, 2912, 0
0, 0, 0, 2418
11000, 1, 2941, 0
0, 2, 1616, 0
0, 3, 3023, 0
0, 4, 2905, 0
0, 5, 2927, 0
0, 6, 2946, 0
0, 7, 2922, 0
0, 8, 2914, 0
0, 9, 1595, 0
0, 10, 2932, 0
0, 11, 2183, 0
0, 12, 2892, 0
0, 13, 2887, 0
0, 14, 2899, 0
0, 15, 2876, 0
0, 16, 2899, 0
0, 17, 2891, 0
0, 18, 2902, 0
0, 19, 1486, 0
0, 20, 1498, 0
0, 21, 1482, 0
0, 22, 2554, 0
0, 23, 1504, 0
0, 24, 2147, 0
0, 25, 1562, 0
0, 26, 1489, 0
0, 27, 1936, 0
0, 28, 2894, 0
0, 29, 2861, 0
0, 30, 1304, 0
0, 31, 1646, 0
0, 32, 1579, 0
0, 33, 1940, 0
0, 34, 1321, 0
0, 35, 1977, 0
0, 36, 1640, 0
0, 37, 1782, 0
0, 38, 1733, 0
0, 39, 1513, 0
0, 40, 2959, 0
0, 41, 2929, 0
0, 42, 2899, 0
0, 43, 2896, 0
0, 44, 2900, 0
0, 45, 1462, 0
0, 46, 2930, 0
0, 47, 2905, 0
0, 48, 1629, 0
0, 49, 2915, 0
0, 50, 2964, 0
0, 51, 2954, 0
0, 52, 2895, 0
0, 53, 3028, 0
0, 54, 2966, 0
0, 55, 2905, 0
0, 56, 1496, 0
0, 57, 2936, 0
0, 58, 1604, 0
0, 59, 2929, 0
0, 60, 2887, 0
0, 0, 0, 2383
11500, 1, 3054, 0
0, 2, 2478, 0
0, 3, 1514, 0
0, 4, 2982, 0
0, 5, 2946, 0
0, 6, 2936, 0
0, 7, 2920, 0
0, 8, 1539, 0
0, 9, 1495, 0
0, 10, 1520, 0
0, 11, 1633, 0
0, 12, 2409, 0
0, 13, 1641, 0
0, 14, 2048, 0
0, 15, 2928, 0
0, 16, 2691, 0
0, 17, 1518, 0
0, 18, 1683, 0
0, 19, 1540, 0
0, 20, 2980, 0
0, 21, 2586, 0
0, 22, 2968, 0
0, 23, 1530, 0
0, 24, 2789, 0
0, 25, 2971, 0
0, 26, 2415, 0
0, 27, 2918, 0
0, 28, 2915, 0
0, 29, 2930, 0
0, 30, 2412, 0
0, 31, 2934, 0
0, 32, 2973, 0
0, 33, 2905, 0
0, 34, 2932, 0
0, 35, 2936, 0
0, 36, 3062, 0
0, 37, 2926, 0
0, 38, 2547, 0
0, 39, 2931, 0
0, 40, 2939, 0
0, 41, 2903, 0
0, 42, 2926, 0
0, 43, 2933, 0
0, 44, 2468, 0
0, 45, 2937, 0
0, 46, 2944, 0
0, 47, 2970, 0
0, 48, 1501, 0
0, 49, 1511, 0
0, 50, 2922, 0
0, 51, 1640, 0
0, 52, 1857, 0
0, 53, 1685, 0
0, 54, 1492, 0
0, 55, 1512, 0
0, 56, 2973, 0
0, 57, 2613, 0
0, 58, 2938, 0
0, 59, 1350, 0
0, 60, 1476, 0
0, 0, 0, 2425
12000, 1, 2999, 0
0, 2, 2952, 0
0, 3, 1373, 0
0, 4, 2976, 0
0, 5, 2947, 0
0, 6, 2027, 0
0, 7, 3069, 0
0, 8, 2902, 0
0, 9, 2963, 0
0, 10, 1525, 0
0, 11, 2936, 0
0, 12, 1359, 0
0, 13, 2896, 0
0, 14, 2946, 0
0, 15, 2970, 0
0, 16, 2971, 0
0, 17, 3033, 0
0, 18, 2934, 0
0, 19, 1340, 0
0, 20, 2990, 0
0, 21, 2983, 0
0, 22, 1336, 0
0, 23, 2946, 0
0, 24, 3072, 0
0, 25, 3065, 0
0, 26, 2930, 0
0, 27, 2980, 0
0, 28, 1523, 0
0, 29, 2064, 0
0, 30, 1702, 0
0, 31, 1525, 0
0, 32, 1521, 0
0, 33, 3065, 0
0, 34, 1725, 0
0, 35, 1530, 0
0, 36, 1713, 0
0, 37, 2737, 0
0, 38, 2950, 0
0, 39, 2483, 0
0, 40, 1512, 0
0, 41, 3014, 0
0, 42, 1546, 0
0, 43, 2961, 0
0, 44, 1688, 0
0, 45, 3008, 0
0, 46, 2948, 0
0, 47, 2997, 0
0, 48, 2982, 0
0, 49, 1697, 0
0, 50, 1326, 0
0, 51, 3063, 0
0, 52, 2927, 0
0, 53, 2942, 0
0, 54, 3074, 0
0, 55, 2950, 0
0, 56, 3093, 0
0, 57, 2487, 0
0, 58, 2955, 0
0, 59, 2951, 0
0, 60, 1663, 0
0, 0, 0, 2495
12500, 1, 2968, 0
0, 2, 2980, 0
0, 3, 2971, 0
0, 4, 1374, 0
0, 5, 1389, 0
0, 6, 2992, 0
0, 7, 2949, 0
0, 8, 2302, 0
0, 9, 3090, 0
0, 10, 1596, 0
0, 11, 2575, 0
0, 12, 1799, 0
0, 13, 1567, 0
0, 14, 1599, 0
0, 15, 1561, 0
0, 16, 2439, 0
0, 17, 1528, 0
0, 18, 1557, 0
0, 19, 1526, 0
0, 20, 1703, 0
0, 21, 1537, 0
0, 22, 3008, 0
0, 23, 2968, 0
0, 24, 2943, 0
0, 25, 2942, 0
0, 26, 3083, 0
0, 27, 1398, 0
0, 28, 3016, 0
0, 29, 1577, 0
0, 30, 2969, 0
0, 31, 2990, 0
0, 32, 1573, 0
0, 33, 1680, 0
0, 34, 3018, 0
0, 35, 2954, 0
0, 36, 3007, 0
0, 37, 1541, 0
0, 38, 2971, 0
0, 39, 3094, 0
0, 40, 2951, 0
0, 41, 2933, 0
0, 42, 3085, 0
0, 43, 2953, 0
0, 44, 1375, 0
0, 45, 3019, 0
0, 46, 1539, 0
0, 47, 1633, 0
0, 48, 2978, 0
0, 49, 1569, 0
0, 50, 1564, 0
0, 51, 1558, 0
0, 52, 1685, 0
0, 53, 1677, 0
0, 54, 1587, 0
0, 55, 1711, 0
0, 56, 1535, 0
0, 57, 1395, 0
0, 58, 2452, 0
0, 59, 2960, 0
0, 60, 1845, 0
0, 0, 0, 2245
13000, 1, 2967, 0
0, 2, 1751, 0
0, 3, 1750, 0
0, 4, 1594, 0
0, 5, 2748, 0
0, 6, 1737, 0
0, 7, 1610, 0
0, 8, 2965, 0
0, 9, 1739, 0
0, 10, 2974, 0
0, 11, 2968, 0
0, 12, 1723, 0
0, 13, 3028, 0
0, 14, 2974, 0
0, 15, 3020, 0
0, 16, 1647, 0
0, 17, 1400, 0
0, 18, 2975, 0
0, 19, 3112, 0
0, 20, 1585, 0
0, 21, 1815, 0
0, 22, 2963, 0
0, 23, 2985, 0
0, 24, 1419, 0
0, 25, 1802, 0
0, 26, 3119, 0
0, 27, 1571, 0
0, 28, 1710, 0
0, 29, 2980, 0
0, 30, 2987, 0
0, 31, 1696, 0
0, 32, 2977, 0
0, 33, 2992, 0
0, 34, 1580, 0
0, 35, 1716, 0
0, 36, 2854, 0
0, 37, 1867, 0
0, 38, 1698, 0
0, 39, 3007, 0
0, 40, 1558, 0
0, 41, 1577, 0
0, 42, 1581, 0
0, 43, 1738, 0
0, 44, 1583, 0
0, 45, 2974, 0
0, 46, 2967, 0
0, 47, 1565, 0
0, 48, 3113, 0
0, 49, 1748, 0
0, 50, 2980, 0
0, 51, 2987, 0
0, 52, 1722, 0
0, 53, 3068, 0
0, 54, 3026, 0
0, 55, 2973, 0
0, 56, 1685, 0
0, 57, 2994, 0
0, 58, 1547, 0
0, 59, 1729, 0
0, 60, 3016, 0
0, 0, 0, 2302
13500, 1, 2977, 0
0, 2, 1584, 0
0, 3, 2978, 0
0, 4, 3037, 0
0, 5, 1670, 0
0, 6, 3068, 0
0, 7, 2959, 0
0, 8, 3068, 0
0, 9, 1560, 0
0, 10, 1561, 0
0, 11, 1968, 0
0, 12, 1613, 0
0, 13, 2893, 0
0, 14, 1585, 0
0, 15, 2715, 0
0, 16, 2969, 0
0, 17, 1588, 0
0, 18, 2999, 0
0, 19, 1574, 0
0, 20, 1426, 0
0, 21, 1404, 0
0, 22, 3003, 0
0, 23, 3044, 0
0, 24, 2968, 0
0, 25, 2971, 0
0, 26, 1666, 0
0, 27, 1423, 0
0, 28, 2982, 0
0, 29, 3100, 0
0, 30, 3011, 0
0, 31, 1666, 0
0, 32, 3023, 0
0, 33, 3005, 0
0, 34, 2980, 0
0, 35, 2986, 0
0, 36, 2969, 0
0, 37, 3011, 0
0, 38, 1524, 0
0, 39, 2986, 0
0, 40, 2810, 0
0, 41, 3011, 0
0, 42, 1407, 0
0, 43, 2968, 0
0, 44, 1564, 0
0, 45, 1557, 0
0, 46, 1575, 0
0, 47, 1710, 0
0, 48, 1802, 0
0, 49, 1724, 0
0, 50, 1597, 0
0, 51, 2554, 0
0, 52, 1589, 0
0, 53, 1575, 0
0, 54, 1576, 0
0, 55, 2956, 0
0, 56, 2970, 0
0, 57, 1565, 0
0, 58, 2992, 0
0, 59, 3012, 0
0, 60, 3028, 0
0, 0, 0, 2350
14000, 1, 1414, 0
0, 2, 1577, 0
0, 3, 1721, 0
0, 4, 3094, 0
0, 5, 1715, 0
0, 6, 2961, 0
0, 7, 2963, 0
0, 8, 2960, 0
0, 9, 2979, 0
0, 10, 1554, 0
0, 11, 2985, 0
0, 12, 3042, 0
0, 13, 3008, 0
0, 14, 2984, 0
0, 15, 3106, 0
0, 16, 2965, 0
0, 17, 1715, 0
0, 18, 3105, 0
0, 19, 3081, 0
0, 20, 3035, 0
0, 21, 2967, 0
0, 22, 1575, 0
0, 23, 1591, 0
0, 24, 1597, 0
0, 25, 3019, 0
0, 26, 1978, 0
0, 27, 2233, 0
0, 28, 1656, 0
0, 29, 2371, 0
0, 30, 1589, 0
0, 31, 2241, 0
0, 32, 1643, 0
0, 33, 1574, 0
0, 34, 3009, 0
0, 35, 2977, 0
0, 36, 2967, 0
0, 37, 1402, 0
0, 38, 1722, 0
0, 39, 1582, 0
0, 40, 2972, 0
0, 41, 2222, 0
0, 42, 3020, 0
0, 43, 1685, 0
0, 44, 2836, 0
0, 45, 3074, 0
0, 46, 1568, 0
0, 47, 2078, 0
0, 48, 3014, 0
0, 49, 1563, 0
0, 50, 3097, 0
0, 51, 3023, 0
0, 52, 2972, 0
0, 53, 1575, 0
0, 54, 2964, 0
0, 55, 3031, 0
0, 56, 1368, 0
0, 57, 2977, 0
0, 58, 2999, 0
0, 59, 1566, 0
0, 60, 1855, 0
0, 0, 0, 2385
14500, 1, 1710, 0
0, 2, 1557, 0
0, 3, 2984, 0
0, 4, 1979, 0
0, 5, 1615, 0
0, 6, 1565, 0
0, 7, 1755, 0
0, 8, 1554, 0
0, 9, 1798, 0
0, 10, 2020, 0
0, 11, 1779, 0
0, 12, 3009, 0
0, 13, 2253, 0
0, 14, 1662, 0
0, 15, 2258, 0
0, 16, 1573, 0
0, 17, 3006, 0
0, 18, 2971, 0
0, 19, 3014, 0
0, 20, 3015, 0
0, 21, 2095, 0
0, 22, 2990, 0
0, 23, 3003, 0
0, 24, 2962, 0
0, 25, 3017, 0
0, 26, 2969, 0
0, 27, 1415, 0
0, 28, 2968, 0
0, 29, 2974, 0
0, 30, 2182, 0
0, 31, 3022, 0
0, 32, 3019, 0
0, 33, 2968, 0
0, 34, 1583, 0
0, 35, 2954, 0
0, 36, 2973, 0
0, 37, 2959, 0
0, 38, 1642, 0
0, 39, 1573, 0
0, 40, 1555, 0
0, 41, 1577, 0
0, 42, 1567, 0
0, 43, 1604, 0
0, 44, 2594, 0
0, 45, 3079, 0
0, 46, 2929, 0
0, 47, 2985, 0
0, 48, 2791, 0
0, 49, 1572, 0
0, 50, 1526, 0
0, 51, 1424, 0
0, 52, 2968, 0
0, 53, 2969, 0
0, 54, 2980, 0
0, 55, 2951, 0
0, 56, 3084, 0
0, 57, 2959, 0
0, 58, 3095, 0
0, 59, 3110, 0
0, 60, 1422, 0
0, 0, 0, 2384
15000, 1, 1636, 0
0, 2, 1813, 0
0, 3, 2101, 0
0, 4, 1599, 0
0, 5, 1624, 0
0, 6, 1603, 0
0, 7, 1623, 0
0, 8, 1636, 0
0, 9, 1712, 0
0, 10, 2314, 0
0, 11, 1833, 0
0, 12, 1605, 0
0, 13, 1907, 0
0, 14, 1642, 0
0, 15, 3017, 0
0, 16, 1603, 0
0, 17, 1580, 0
0, 18, 2836, 0
0, 19, 1614, 0
0, 20, 1652, 0
0, 21, 1606, 0
0, 22, 1855, 0
0, 23, 1627, 0
0, 24, 1616, 0
0, 25, 1613, 0
0, 26, 1618, 0
0, 27, 1609, 0
0, 28, 1889, 0
0, 29, 1607, 0
0, 30, 2580, 0
0, 31, 1697, 0
0, 32, 2047, 0
0, 33, 1593, 0
0, 34, 1601, 0
0, 35, 1598, 0
0, 36, 1872, 0
0, 37, 1605, 0
0, 38, 1616, 0
0, 39, 1615, 0
0, 40, 1692, 0
0, 41, 1619, 0
0, 42, 1730, 0
0, 43, 1625, 0
0, 44, 1620, 0
0, 45, 1605, 0
0, 46, 1591, 0
0, 47, 1950, 0
0, 48, 1665, 0
0, 49, 2559, 0
0, 50, 1706, 0
0, 51, 1598, 0
0, 52, 1601, 0
0, 53, 1657, 0
0, 54, 1624, 0
0, 55, 1857, 0
0, 56, 1443, 0
0, 57, 1616, 0
0, 58, 1623, 0
0, 59, 2095, 0
0, 60, 3413, 0
0, 0, 0, 1795
15500, 1, 1589, 0
0, 2, 1655, 0
0, 3, 2096, 0
0, 4, 3171, 0
0, 5, 1617, 0
0, 6, 1632, 0
0, 7, 1842, 0
0, 8, 1815, 0
0, 9, 1606, 0
0, 10, 1621, 0
0, 11, 1681, 0
0, 12, 1618, 0
0, 13, 1628, 0
0, 14, 1623, 0
0, 15, 1900, 0
0, 16, 2687, 0
0, 17, 2459, 0
0, 18, 1613, 0
0, 19, 1633, 0
0, 20, 1635, 0
0, 21, 2129, 0
0, 22, 2483, 0
0, 23, 3315, 0
0, 24, 1899, 0
0, 25, 1601, 0
0, 26, 1621, 0
0, 27, 1611, 0
0, 28, 1660, 0
0, 29, 1686, 0
0, 30, 1621, 0
0, 31, 1616, 0
0, 32, 2493, 0
0, 33, 2424, 0
0, 34, 1616, 0
0, 35, 1623, 0
0, 36, 1627, 0
0, 37, 1680, 0
0, 38, 1605, 0
0, 39, 3241, 0
0, 40, 3603, 0
0, 41, 1618, 0
0, 42, 1610, 0
0, 43, 1617, 0
0, 44, 1634, 0
0, 45, 1620, 0
0, 46, 1681, 0
0, 47, 1674, 0
0, 48, 1621, 0
0, 49, 3699, 0
0, 50, 1606, 0
0, 51, 1652, 0
0, 52, 3324, 0
0, 53, 1899, 0
0, 54, 3086, 0
0, 55, 2285, 0
0, 56, 1613, 0
0, 57, 1635, 0
0, 58, 2202, 0
0, 59, 1608, 0
0, 60, 1606, 0
0, 0, 0, 1959
16000, 1, 1610, 0
0, 2, 1603, 0
0, 3, 1630, 0
0, 4, 1613, 0
0, 5, 2639, 0
0, 6, 1596, 0
0, 7, 1628, 0
0, 8, 1610, 0
0, 9, 3527, 0
0, 10, 1728, 0
0, 11, 1897, 0
0, 12, 1601, 0
0, 13, 1606, 0
0, 14, 1626, 0
0, 15, 2519, 0
0, 16, 1654, 0
0, 17, 1612, 0
0, 18, 1697, 0
0, 19, 3004, 0
0, 20, 3426, 0
0, 21, 3329, 0
0, 22, 3326, 0
0, 23, 1609, 0
0, 24, 1622, 0
0, 25, 1837, 0
0, 26, 1614, 0
0, 27, 1882, 0
0, 28, 3053, 0
0, 29, 1619, 0
0, 30, 1615, 0
0, 31, 1637, 0
0, 32, 1616, 0
0, 33, 1613, 0
0, 34, 3483, 0
0, 35, 1605, 0
0, 36, 1597, 0
0, 37, 1670, 0
0, 38, 1600, 0
0, 39, 1610, 0
0, 40, 1591, 0
0, 41, 1824, 0
0, 42, 1607, 0
0, 43, 2948, 0
0, 44, 1619, 0
0, 45, 1621, 0
0, 46, 1617, 0
0, 47, 1648, 0
0, 48, 1601, 0
0, 49, 2620, 0
0, 50, 1711, 0
0, 51, 1622, 0
0, 52, 1752, 0
0, 53, 2462, 0
0, 54, 1756, 0
0, 55, 1609, 0
0, 56, 2606, 0
0, 57, 3524, 0
0, 58, 1613, 0
0, 59, 1680, 0
0, 60, 1585, 0
0, 0, 0, 1972
16500, 1, 1608, 0
0, 2, 1826, 0
0, 3, 1600, 0
0, 4, 1616, 0
0, 5, 1617, 0
0, 6, 1610, 0
0, 7, 1618, 0
0, 8, 1591, 0
0, 9, 1623, 0
0, 10, 2885, 0
0, 11, 2733, 0
0, 12, 3621, 0
0, 13, 1802, 0
0, 14, 2021, 0
0, 15, 1620, 0
0, 16, 1739, 0
0, 17, 1842, 0
0, 18, 1611, 0
0, 19, 2901, 0
0, 20, 1644, 0
0, 21, 2581, 0
0, 22, 1620, 0
0, 23, 2289, 0
0, 24, 1630, 0
0, 25, 2386, 0
0, 26, 1629, 0
0, 27, 1596, 0
0, 28, 1607, 0
0, 29, 1606, 0
0, 30, 1671, 0
0, 31, 1954, 0
0, 32, 1627, 0
0, 33, 1618, 0
0, 34, 1835, 0
0, 35, 1625, 0
0, 36, 1618, 0
0, 37, 1641, 0
0, 38, 3003, 0
0, 39, 1667, 0
0, 40, 1639, 0
0, 41, 1712, 0
0, 42, 1638, 0
0, 43, 1630, 0
0, 44, 3345, 0
0, 45, 1628, 0
0, 46, 1667, 0
0, 47, 1618, 0
0, 48, 1448, 0
0, 49, 1696, 0
0, 50, 1623, 0
0, 51, 1618, 0
0, 52, 1781, 0
0, 53, 1972, 0
0, 54, 2056, 0
0, 55, 1635, 0
0, 56, 3350, 0
0, 57, 1629, 0
0, 58, 1630, 0
0, 59, 3459, 0
0, 60, 1629, 0
0, 0, 0, 1912
17000, 1, 1624, 0
0, 2, 1620, 0
0, 3, 1625, 0
0, 4, 1612, 0
0, 5, 1626, 0
0, 6, 1605, 0
0, 7, 1615, 0
0, 8, 1640, 0
0, 9, 1752, 0
0, 10, 1598, 0
0, 11, 2359, 0
0, 12, 3022, 0
0, 13, 1614, 0
0, 14, 2399, 0
0, 15, 1635, 0
0, 16, 3101, 0
0, 17, 1617, 0
0, 18, 2211, 0
0, 19, 1754, 0
0, 20, 3057, 0
0, 21, 1623, 0
0, 22, 1619, 0
0, 23, 1630, 0
0, 24, 1611, 0
0, 25, 1625, 0
0, 26, 1629, 0
0, 27, 1692, 0
0, 28, 2636, 0
0, 29, 1607, 0
0, 30, 1785, 0
0, 31, 1648, 0
0, 32, 1624, 0
0, 33, 1923, 0
0, 34, 1725, 0
0, 35, 1737, 0
0, 36, 1626, 0
0, 37, 1626, 0
0, 38, 1994, 0
0, 39, 1618, 0
0, 40, 3061, 0
0, 41, 2142, 0
0, 42, 1615, 0
0, 43, 1631, 0
0, 44, 1611, 0
0, 45, 1611, 0
0, 46, 1623, 0
0, 47, 1622, 0
0, 48, 1627, 0
0, 49, 1647, 0
0, 50, 1633, 0
0, 51, 1655, 0
0, 52, 1639, 0
0, 53, 1634, 0
0, 54, 1610, 0
0, 55, 1636, 0
0, 56, 1639, 0
0, 57, 1622, 0
0, 58, 1613, 0
0, 59, 1631, 0
0, 60, 1633, 0
0, 0, 0, 1803
17500, 1, 1640, 0
0, 2, 1615, 0
0, 3, 1635, 0
0, 4, 1614, 0
0, 5, 2560, 0
0, 6, 1630, 0
0, 7, 1625, 0
0, 8, 1643, 0
0, 9, 1615, 0
0, 10, 1606, 0
0, 11, 1620, 0
0, 12, 1639, 0
0, 13, 1605, 0
0, 14, 1724, 0
0, 15, 1620, 0
0, 16, 1614, 0
0, 17, 1718, 0
0, 18, 1625, 0
0, 19, 1642, 0
0, 20, 1628, 0
0, 21, 1600, 0
0, 22, 1627, 0
0, 23, 1626, 0
0, 24, 1656, 0
0, 25, 1651, 0
0, 26, 1647, 0
0, 27, 1583, 0
0, 28, 1610, 0
0, 29, 1661, 0
0, 30, 1616, 0
0, 31, 1603, 0
0, 32, 1608, 0
0, 33, 1585, 0
0, 34, 1608, 0
0, 35, 1622, 0
0, 36, 1612, 0
0, 37, 1628, 0
0, 38, 1607, 0
0, 39, 1631, 0
0, 40, 1623, 0
0, 41, 1597, 0
0, 42, 1628, 0
0, 43, 1631, 0
0, 44, 1655, 0
0, 45, 1629, 0
0, 46, 1612, 0
0, 47, 1602, 0
0, 48, 1619, 0
0, 49, 1633, 0
0, 50, 1628, 0
0, 51, 1631, 0
0, 52, 1645, 0
0, 53, 1637, 0
0, 54, 1608, 0
0, 55, 1655, 0
0, 56, 1615, 0
0, 57, 1611, 0
0, 58, 1628, 0
0, 59, 1636, 0
0, 60, 1610, 0
0, 0, 0, 1642
18000, 1, 1651, 0
0, 2, 1605, 0
0, 3, 1614, 0
0, 4, 1623, 0
0, 5, 1633, 0
0, 6, 1604, 0
0, 7, 1637, 0
0, 8, 1634, 0
0, 9, 1459, 0
0, 10, 1627, 0
0, 11, 1628, 0
0, 12, 1606, 0
0, 13, 1582, 0
0, 14, 1702, 0
0, 15, 1610, 0
0, 16, 1606, 0
0, 17, 1445, 0
0, 18, 1602, 0
0, 19, 1448, 0
0, 20, 1606, 0
0, 21, 1617, 0
0, 22, 1688, 0
0, 23, 1611, 0
0, 24, 1610, 0
0, 25, 1593, 0
0, 26, 1622, 0
0, 27, 1606, 0
0, 28, 1611, 0
0, 29, 1580, 0
0, 30, 1610, 0
0, 31, 1642, 0
0, 32, 1621, 0
0, 33, 1618, 0
0, 34, 1626, 0
0, 35, 1615, 0
0, 36, 1633, 0
0, 37, 1607, 0
0, 38, 1625, 0
0, 39, 1609, 0
0, 40, 1591, 0
0, 41, 1627, 0
0, 42, 1630, 0
0, 43, 1659, 0
0, 44, 1643, 0
0, 45, 1633, 0
0, 46, 1633, 0
0, 47, 1600, 0
0, 48, 1626, 0
0, 49, 1611, 0
0, 50, 1662, 0
0, 51, 1618, 0
0, 52, 1642, 0
0, 53, 1622, 0
0, 54, 1637, 0
0, 55, 3107, 0
0, 56, 3092, 0
0, 57, 1617, 0
0, 58, 1629, 0
0, 59, 3578, 0
0, 60, 3664, 0
0, 0, 0, 1729
18500, 1, 2682, 0
0, 2, 1658, 0
0, 3, 1618, 0
0, 4, 1630, 0
0, 5, 1795, 0
0, 6, 1771, 0
0, 7, 1619, 0
0, 8, 1620, 0
0, 9, 1640, 0
0, 10, 1658, 0
0, 11, 2062, 0
0, 12, 3140, 0
0, 13, 1625, 0
0, 14, 2588, 0
0, 15, 2043, 0
0, 16, 3044, 0
0, 17, 1620, 0
0, 18, 2264, 0
0, 19, 1613, 0
0, 20, 1607, 0
0, 21, 1619, 0
0, 22, 1600, 0
0, 23, 1625, 0
0, 24, 3060, 0
0, 25, 1615, 0
0, 26, 3236, 0
0, 27, 1622, 0
0, 28, 3622, 0
0, 29, 1625, 0
0, 30, 2339, 0
0, 31, 1679, 0
0, 32, 2475, 0
0, 33, 1615, 0
0, 34, 1604, 0
0, 35, 1610, 0
0, 36, 2056, 0
0, 37, 1603, 0
0, 38, 3705, 0
0, 39, 3672, 0
0, 40, 2200, 0
0, 41, 1604, 0
0, 42, 2455, 0
0, 43, 1625, 0
0, 44, 1621, 0
0, 45, 2186, 0
0, 46, 1637, 0
0, 47, 1611, 0
0, 48, 1614, 0
0, 49, 1635, 0
0, 50, 1627, 0
0, 51, 3601, 0
0, 52, 1616, 0
0, 53, 1623, 0
0, 54, 3332, 0
0, 55, 2560, 0
0, 56, 1637, 0
0, 57, 1643, 0
0, 58, 1661, 0
0, 59, 1699, 0
0, 60, 1655, 0
0, 0, 0, 2035
19000, 1, 1646, 0
0, 2, 1637, 0
0, 3, 1663, 0
0, 4, 1778, 0
0, 5, 1635, 0
0, 6, 1623, 0
0, 7, 3363, 0
0, 8, 1666, 0
0, 9, 1641, 0
0, 10, 2569, 0
0, 11, 3045, 0
0, 12, 3092, 0
0, 13, 2230, 0
0, 14, 1718, 0
0, 15, 1639, 0
0, 16, 1636, 0
0, 17, 1909, 0
0, 18, 1625, 0
0, 19, 2081, 0
0, 20, 1653, 0
0, 21, 1657, 0
0, 22, 1620, 0
0, 23, 1601, 0
0, 24, 1593, 0
0, 25, 1621, 0
0, 26, 1704, 0
0, 27, 3383, 0
0, 28, 2492, 0
0, 29, 1743, 0
0, 30, 1672, 0
0, 31, 1627, 0
0, 32, 1629, 0
0, 33, 1598, 0
0, 34, 1610, 0
0, 35, 1750, 0
0, 36, 1620, 0
0, 37, 1618, 0
0, 38, 1635, 0
0, 39, 3016, 0
0, 40, 1644, 0
0, 41, 3073, 0
0, 42, 2375, 0
0, 43, 1628, 0
0, 44, 1636, 0
0, 45, 3146, 0
0, 46, 1640, 0
0, 47, 1858, 0
0, 48, 1641, 0
0, 49, 1607, 0
0, 50, 1620, 0
0, 51, 1627, 0
0, 52, 1648, 0
0, 53, 1624, 0
0, 54, 1627, 0
0, 55, 1982, 0
0, 56, 1611, 0
0, 57, 3679, 0
0, 58, 2017, 0
0, 59, 1617, 0
0, 60, 1629, 0
0, 0, 0, 1932
19500, 1, 1628, 0
0, 2, 1672, 0
0, 3, 3648, 0
0, 4, 1640, 0
0, 5, 1853, 0
0, 6, 3053, 0
0, 7, 1742, 0
0, 8, 1640, 0
0, 9, 1600, 0
0, 10, 1919, 0
0, 11, 2801, 0
0, 12, 1649, 0
0, 13, 1637, 0
0, 14, 1617, 0
0, 15, 1763, 0
0, 16, 1631, 0
0, 17, 1618, 0
0, 18, 3224, 0
0, 19, 1803, 0
0, 20, 1616, 0
0, 21, 2563, 0
0, 22, 1883, 0
0, 23, 1624, 0
0, 24, 1780, 0
0, 25, 1660, 0
0, 26, 1636, 0
0, 27, 1609, 0
0, 28, 1631, 0
0, 29, 1766, 0
0, 30, 2293, 0
0, 31, 1636, 0
0, 32, 2677, 0
0, 33, 1624, 0
0, 34, 1622, 0
0, 35, 2477, 0
0, 36, 3527, 0
0, 37, 2156, 0
0, 38, 1637, 0
0, 39, 1622, 0
0, 40, 1639, 0
0, 41, 1615, 0
0, 42, 1714, 0
0, 43, 1673, 0
0, 44, 1623, 0
0, 45, 1639, 0
0, 46, 1618, 0
0, 47, 2497, 0
0, 48, 1643, 0
0, 49, 1657, 0
0, 50, 1617, 0
0, 51, 2507, 0
0, 52, 1622, 0
0, 53, 1626, 0
0, 54, 1617, 0
0, 55, 1628, 0
0, 56, 1629, 0
0, 57, 1675, 0
0, 58, 1642, 0
0, 59, 1640, 0
0, 60, 1639, 0
0, 0, 0, 1888
20000, 1, 1630, 0
0, 2, 1630, 0
0, 3, 3476, 0
0, 4, 2889, 0
0, 5, 1628, 0
0, 6, 1864, 0
0, 7, 1728, 0
0, 8, 1600, 0
0, 9, 1636, 0
0, 10, 1630, 0
0, 11, 1628, 0
0, 12, 1876, 0
0, 13, 1655, 0
0, 14, 3595, 0
0, 15, 1946, 0
0, 16, 1622, 0
0, 17, 2290, 0
0, 18, 1632, 0
0, 19, 2806, 0
0, 20, 1631, 0
0, 21, 1632, 0
0, 22, 1635, 0
0, 23, 1636, 0
0, 24, 1641, 0
0, 25, 1635, 0
0, 26, 1647, 0
0, 27, 1623, 0
0, 28, 2176, 0
0, 29, 2871, 0
0, 30, 1999, 0
0, 31, 1624, 0
0, 32, 1634, 0
0, 33, 1614, 0
0, 34, 1617, 0
0, 35, 3122, 0
0, 36, 1619, 0
0, 37, 1606, 0
0, 38, 1639, 0
0, 39, 1858, 0
0, 40, 1630, 0
0, 41, 1606, 0
0, 42, 1639, 0
0, 43, 2487, 0
0, 44, 1629, 0
0, 45, 1903, 0
0, 46, 1657, 0
0, 47, 1632, 0
0, 48, 3766, 0
0, 49, 1624, 0
0, 50, 2934, 0
0, 51, 1895, 0
0, 52, 1911, 0
0, 53, 1710, 0
0, 54, 1940, 0
0, 55, 1742, 0
0, 56, 1645, 0
0, 57, 1645, 0
0, 58, 3086, 0
0, 59, 2239, 0
0, 60, 2769, 0
0, 0, 0, 1971
20500, 1, 1647, 0
0, 2, 1620, 0
0, 3, 1623, 0
0, 4, 3670, 0
0, 5, 1643, 0
0, 6, 1631, 0
0, 7, 1625, 0
0, 8, 1638, 0
0, 9, 1634, 0
0, 10, 2448, 0
0, 11, 3448, 0
0, 12, 1626, 0
0, 13, 1647, 0
0, 14, 1621, 0
0, 15, 1625, 0
0, 16, 1651, 0
0, 17, 1633, 0
0, 18, 1894, 0
0, 19, 1885, 0
0, 20, 1633, 0
0, 21, 1625, 0
0, 22, 1650, 0
0, 23, 1628, 0
0, 24, 1621, 0
0, 25, 1631, 0
0, 26, 1639, 0
0, 27, 3588, 0
0, 28, 3124, 0
0, 29, 1612, 0
0, 30, 1640, 0
0, 31, 1624, 0
0, 32, 1709, 0
0, 33, 1623, 0
0, 34, 1626, 0
0, 35, 1630, 0
0, 36, 1620, 0
0, 37, 1634, 0
0, 38, 2205, 0
0, 39, 3228, 0
0, 40, 3027, 0
0, 41, 2903, 0
0, 42, 2637, 0
0, 43, 3426, 0
0, 44, 1639, 0
0, 45, 1660, 0
0, 46, 1660, 0
0, 47, 1628, 0
0, 48, 1695, 0
0, 49, 1601, 0
0, 50, 1862, 0
0, 51, 1618, 0
0, 52, 1694, 0
0, 53, 2683, 0
0, 54, 1679, 0
0, 55, 1624, 0
0, 56, 1640, 0
0, 57, 1635, 0
0, 58, 2889, 0
0, 59, 1629, 0
0, 60, 1907, 0
0, 0, 0, 1953
21000, 1, 1604, 0
0, 2, 1631, 0
0, 3, 1917, 0
0, 4, 1630, 0
0, 5, 1907, 0
0, 6, 1644, 0
0, 7, 2646, 0
0, 8, 1642, 0
0, 9, 1614, 0
0, 10, 2433, 0
0, 11, 1686, 0
0, 12, 1644, 0
0, 13, 1752, 0
0, 14, 1645, 0
0, 15, 1706, 0
0, 16, 1660, 0
0, 17, 1643, 0
0, 18, 2543, 0
0, 19, 1692, 0
0, 20, 1637, 0
0, 21, 1626, 0
0, 22, 3127, 0
0, 23, 1661, 0
0, 24, 1642, 0
0, 25, 1641, 0
0, 26, 1642, 0
0, 27, 1636, 0
0, 28, 1689, 0
0, 29, 1653, 0
0, 30, 3385, 0
0, 31, 1638, 0
0, 32, 1636, 0
0, 33, 3031, 0
0, 34, 1623, 0
0, 35, 1698, 0
0, 36, 1701, 0
0, 37, 3480, 0
0, 38, 1848, 0
0, 39, 1645, 0
0, 40, 1621, 0
0, 41, 1632, 0
0, 42, 1655, 0
0, 43, 1616, 0
0, 44, 1615, 0
0, 45, 3418, 0
0, 46, 1621, 0
0, 47, 1620, 0
0, 48, 1997, 0
0, 49, 1623, 0
0, 50, 2092, 0
0, 51, 1632, 0
0, 52, 3408, 0
0, 53, 1632, 0
0, 54, 1636, 0
0, 55, 1611, 0
0, 56, 1640, 0
0, 57, 2009, 0
0, 58, 1601, 0
0, 59, 1634, 0
0, 60, 1619, 0
0, 0, 0, 1886
21500, 1, 1667, 0
0, 2, 1644, 0
0, 3, 2022, 0
0, 4, 1625, 0
0, 5, 1744, 0
0, 6, 2048, 0
0, 7, 1645, 0
0, 8, 1625, 0
0, 9, 1622, 0
0, 10, 1613, 0
0, 11, 1614, 0
0, 12, 1636, 0
0, 13, 1833, 0
0, 14, 1635, 0
0, 15, 1640, 0
0, 16, 3736, 0
0, 17, 1630, 0
0, 18, 1627, 0
0, 19, 1618, 0
0, 20, 1613, 0
0, 21, 1787, 0
0, 22, 1757, 0
0, 23, 1627, 0
0, 24, 1646, 0
0, 25, 3810, 0
0, 26, 1671, 0
0, 27, 2496, 0
0, 28, 1628, 0
0, 29, 2966, 0
0, 30, 1644, 0
0, 31, 2696, 0
0, 32, 1629, 0
0, 33, 1639, 0
0, 34, 1623, 0
0, 35, 1653, 0
0, 36, 1639, 0
0, 37, 2590, 0
0, 38, 2659, 0
0, 39, 2607, 0
0, 40, 2199, 0
0, 41, 1611, 0
0, 42, 3512, 0
0, 43, 1598, 0
0, 44, 1637, 0
0, 45, 1628, 0
0, 46, 1635, 0
0, 47, 2029, 0
0, 48, 1638, 0
0, 49, 1613, 0
0, 50, 1657, 0
0, 51, 2564, 0
0, 52, 2112, 0
0, 53, 1719, 0
0, 54, 1634, 0
0, 55, 1630, 0
0, 56, 1648, 0
0, 57, 1630, 0
0, 58, 1635, 0
0, 59, 1629, 0
0, 60, 1712, 0
0, 0, 0, 1904
22000, 1, 1623, 0
0, 2, 2598, 0
0, 3, 1758, 0
0, 4, 1637, 0
0, 5, 1639, 0
0, 6, 2075, 0
0, 7, 2871, 0
0, 8, 1627, 0
0, 9, 3356, 0
0, 10, 2668, 0
0, 11, 1618, 0
0, 12, 1640, 0
0, 13, 1622, 0
0, 14, 1618, 0
0, 15, 1600, 0
0, 16, 1632, 0
0, 17, 3805, 0
0, 18, 2110, 0
0, 19, 2193, 0
0, 20, 1642, 0
0, 21, 3694, 0
0, 22, 1657, 0
0, 23, 1948, 0
0, 24, 1632, 0
0, 25, 1632, 0
0, 26, 3668, 0
0, 27, 1768, 0
0, 28, 1615, 0
0, 29, 1871, 0
0, 30, 1628, 0
0, 31, 1627, 0
0, 32, 2560, 0
0, 33, 3262, 0
0, 34, 1627, 0
0, 35, 1956, 0
0, 36, 1631, 0
0, 37, 1951, 0
0, 38, 1644, 0
0, 39, 1623, 0
0, 40, 1632, 0
0, 41, 1639, 0
0, 42, 1620, 0
0, 43, 1672, 0
0, 44, 1608, 0
0, 45, 3436, 0
0, 46, 3707, 0
0, 47, 2191, 0
0, 48, 3582, 0
0, 49, 3252, 0
0, 50, 1618, 0
0, 51, 1610, 0
0, 52, 1638, 0
0, 53, 1630, 0
0, 54, 1632, 0
0, 55, 1758, 0
0, 56, 1624, 0
0, 57, 1638, 0
0, 58, 1625, 0
0, 59, 3011, 0
0, 60, 1687, 0
0, 0, 0, 2068
22500, 1, 1714, 0
0, 2, 1724, 0
0, 3, 2886, 0
0, 4, 1626, 0
0, 5, 1628, 0
0, 6, 1633, 0
0, 7, 1690, 0
0, 8, 1714, 0
0, 9, 1636, 0
0, 10, 1612, 0
0, 11, 1639, 0
0, 12, 1651, 0
0, 13, 1632, 0
0, 14, 1639, 0
0, 15, 1638, 0
0, 16, 1688, 0
0, 17, 1619, 0
0, 18, 2070, 0
0, 19, 1628, 0
0, 20, 1614, 0
0, 21, 1702, 0
0, 22, 1605, 0
0, 23, 1874, 0
0, 24, 1640, 0
0, 25, 1973, 0
0, 26, 1621, 0
0, 27, 1717, 0
0, 28, 1943, 0
0, 29, 2109, 0
0, 30, 1633, 0
0, 31, 2036, 0
0, 32, 1634, 0
0, 33, 1604, 0
0, 34, 2836, 0
0, 35, 1720, 0
0, 36, 2930, 0
0, 37, 3277, 0
0, 38, 3572, 0
0, 39, 2953, 0
0, 40, 3131, 0
0, 41, 1623, 0
0, 42, 1646, 0
0, 43, 1636, 0
0, 44, 1647, 0
0, 45, 1726, 0
0, 46, 1640, 0
0, 47, 2450, 0
0, 48, 3624, 0
0, 49, 1642, 0
0, 50, 1636, 0
0, 51, 1618, 0
0, 52, 1610, 0
0, 53, 1625, 0
0, 54, 1611, 0
0, 55, 1618, 0
0, 56, 1626, 0
0, 57, 1623, 0
0, 58, 3620, 0
0, 59, 1634, 0
0, 60, 1659, 0
0, 0, 0, 1928
23000, 1, 2160, 0
0, 2, 1955, 0
0, 3, 1651, 0
0, 4, 1628, 0
0, 5, 1634, 0
0, 6, 2804, 0
0, 7, 1693, 0
0, 8, 1794, 0
0, 9, 1627, 0
0, 10, 2048, 0
0, 11, 1623, 0
0, 12, 1811, 0
0, 13, 1631, 0
0, 14, 1972, 0
0, 15, 1617, 0
0, 16, 2285, 0
0, 17, 1623, 0
0, 18, 1636, 0
0, 19, 1633, 0
0, 20, 1625, 0
0, 21, 3724, 0
0, 22, 1880, 0
0, 23, 3566, 0
0, 24, 1854, 0
0, 25, 1630, 0
0, 26, 3243, 0
0, 27, 1617, 0
0, 28, 1681, 0
0, 29, 1646, 0
0, 30, 2167, 0
0, 31, 1617, 0
0, 32, 1620, 0
0, 33, 3185, 0
0, 34, 1651, 0
0, 35, 3466, 0
0, 36, 1627, 0
0, 37, 1683, 0
0, 38, 1644, 0
0, 39, 2165, 0
0, 40, 2445, 0
0, 41, 2003, 0
0, 42, 1645, 0
0, 43, 2848, 0
0, 44, 1663, 0
0, 45, 1619, 0
0, 46, 1646, 0
0, 47, 1678, 0
0, 48, 3564, 0
0, 49, 1858, 0
0, 50, 1620, 0
0, 51, 1887, 0
0, 52, 2688, 0
0, 53, 2347, 0
0, 54, 1624, 0
0, 55, 1663, 0
0, 56, 2064, 0
0, 57, 1621, 0
0, 58, 1626, 0
0, 59, 1612, 0
0, 60, 2486, 0
0, 0, 0, 2005
23500, 1, 2758, 0
0, 2, 3208, 0
0, 3, 2620, 0
0, 4, 3552, 0
0, 5, 3632, 0
0, 6, 1620, 0
0, 7, 1657, 0
0, 8, 1814, 0
0, 9, 3232, 0
0, 10, 1637, 0
0, 11, 2509, 0
0, 12, 2398, 0
0, 13, 1629, 0
0, 14, 2901, 0
0, 15, 1638, 0
0, 16, 1644, 0
0, 17, 1621, 0
0, 18, 1898, 0
0, 19, 3606, 0
0, 20, 2815, 0
0, 21, 2416, 0
0, 22, 2288, 0
0, 23, 2611, 0
0, 24, 1639, 0
0, 25, 1819, 0
0, 26, 1640, 0
0, 27, 1686, 0
0, 28, 1912, 0
0, 29, 1643, 0
0, 30, 3689, 0
0, 31, 1622, 0
0, 32, 2968, 0
0, 33, 1610, 0
0, 34, 1717, 0
0, 35, 1638, 0
0, 36, 1612, 0
0, 37, 1621, 0
0, 38, 1761, 0
0, 39, 1679, 0
0, 40, 1709, 0
0, 41, 1672, 0
0, 42, 1635, 0
0, 43, 1761, 0
0, 44, 1736, 0
0, 45, 1631, 0
0, 46, 1624, 0
0, 47, 1825, 0
0, 48, 1810, 0
0, 49, 1601, 0
0, 50, 1635, 0
0, 51, 1628, 0
0, 52, 1607, 0
0, 53, 2552, 0
0, 54, 1632, 0
0, 55, 2004, 0
0, 56, 1605, 0
0, 57, 1613, 0
0, 58, 1621, 0
0, 59, 1600, 0
0, 60, 1620, 0
0, 0, 0, 2034
24000, 1, 1663, 0
0, 2, 1811, 0
0, 3, 1796, 0
0, 4, 1641, 0
0, 5, 1647, 0
0, 6, 1640, 0
0, 7, 1605, 0
0, 8, 1613, 0
0, 9, 1701, 0
0, 10, 1608, 0
0, 11, 1654, 0
0, 12, 1658, 0
0, 13, 1653, 0
0, 14, 1635, 0
0, 15, 1642, 0
0, 16, 1729, 0
0, 17, 1774, 0
0, 18, 1631, 0
0, 19, 1606, 0
0, 20, 1833, 0
0, 21, 1611, 0
0, 22, 1629, 0
0, 23, 1602, 0
0, 24, 1637, 0
0, 25, 1728, 0
0, 26, 1684, 0
0, 27, 1975, 0
0, 28, 1656, 0
0, 29, 1945, 0
0, 30, 1679, 0
0, 31, 1614, 0
0, 32, 1615, 0
0, 33, 1634, 0
0, 34, 1649, 0
0, 35, 1630, 0
0, 36, 1980, 0
0, 37, 1751, 0
0, 38, 1805, 0
0, 39, 1903, 0
0, 40, 1657, 0
0, 41, 1667, 0
0, 42, 1632, 0
0, 43, 1631, 0
0, 44, 1641, 0
0, 45, 1707, 0
0, 46, 1622, 0
0, 47, 1744, 0
0, 48, 1700, 0
0, 49, 1629, 0
0, 50, 1622, 0
0, 51, 2568, 0
0, 52, 2356, 0
0, 53, 1633, 0
0, 54, 1714, 0
0, 55, 1642, 0
0, 56, 2277, 0
0, 57, 1657, 0
0, 58, 3782, 0
0, 59, 1630, 0
0, 60, 1633, 0
0, 0, 0, 1756
24500, 1, 1685, 0
0, 2, 1630, 0
0, 3, 1634, 0
0, 4, 3431, 0
0, 5, 2547, 0
0, 6, 3497, 0
0, 7, 2814, 0
0, 8, 1619, 0
0, 9, 1662, 0
0, 10, 1683, 0
0, 11, 3565, 0
0, 12, 1630, 0
0, 13, 3250, 0
0, 14, 1650, 0
0, 15, 2141, 0
0, 16, 1760, 0
0, 17, 1660, 0
0, 18, 1639, 0
0, 19, 1761, 0
0, 20, 2585, 0
0, 21, 1900, 0
0, 22, 1856, 0
0, 23, 2186, 0
0, 24, 1769, 0
0, 25, 3545, 0
0, 26, 1636, 0
0, 27, 1697, 0
0, 28, 1645, 0
0, 29, 1798, 0
0, 30, 1730, 0
0, 31, 3605, 0
0, 32, 1642, 0
0, 33, 3414, 0
0, 34, 3266, 0
0, 35, 1634, 0
0, 36, 1630, 0
0, 37, 1642, 0
0, 38, 1613, 0
0, 39, 1875, 0
0, 40, 3019, 0
0, 41, 2445, 0
0, 42, 1618, 0
0, 43, 3483, 0
0, 44, 1624, 0
0, 45, 3293, 0
0, 46, 1637, 0
0, 47, 1747, 0
0, 48, 1642, 0
0, 49, 3638, 0
0, 50, 1634, 0
0, 51, 3279, 0
0, 52, 1626, 0
0, 53, 1984, 0
0, 54, 1634, 0
0, 55, 1643, 0
0, 56, 1633, 0
0, 57, 1614, 0
0, 58, 2175, 0
0, 59, 1678, 0
0, 60, 3175, 0
0, 0, 0, 2169
25000, 1, 1650, 0
0, 2, 3261, 0
0, 3, 1645, 0
0, 4, 2026, 0
0, 5, 1639, 0
0, 6, 1686, 0
0, 7, 3446, 0
0, 8, 3565, 0
0, 9, 1959, 0
0, 10, 1651, 0
0, 11, 3380, 0
0, 12, 1643, 0
0, 13, 1642, 0
0, 14, 1629, 0
0, 15, 2737, 0
0, 16, 3013, 0
0, 17, 3257, 0
0, 18, 1708, 0
0, 19, 1745, 0
0, 20, 1730, 0
0, 21, 1638, 0
0, 22, 1625, 0
0, 23, 2345, 0
0, 24, 1618, 0
0, 25, 3257, 0
0, 26, 1823, 0
0, 27, 1640, 0
0, 28, 2783, 0
0, 29, 3236, 0
0, 30, 3398, 0
0, 31, 1645, 0
0, 32, 1620, 0
0, 33, 1635, 0
0, 34, 3245, 0
0, 35, 1632, 0
0, 36, 2870, 0
0, 37, 3489, 0
0, 38, 1683, 0
0, 39, 1626, 0
0, 40, 1636, 0
0, 41, 1642, 0
0, 42, 1643, 0
0, 43, 2705, 0
0, 44, 1767, 0
0, 45, 1669, 0
0, 46, 2555, 0
0, 47, 2852, 0
0, 48, 1618, 0
0, 49, 1839, 0
0, 50, 1631, 0
0, 51, 3151, 0
0, 52, 2014, 0
0, 53, 1785, 0
0, 54, 1626, 0
0, 55, 2914, 0
0, 56, 1630, 0
0, 57, 1674, 0
0, 58, 1666, 0
0, 59, 2479, 0
0, 60, 1848, 0
0, 0, 0, 2169
25500, 1, 1690, 0
0, 2, 1642, 0
0, 3, 1634, 0
0, 4, 3772, 0
0, 5, 1660, 0
0, 6, 1630, 0
0, 7, 1617, 0
0, 8, 1905, 0
0, 9, 1767, 0
0, 10, 1625, 0
0, 11, 3088, 0
0, 12, 2767, 0
0, 13, 1695, 0
0, 14, 2567, 0
0, 15, 1631, 0
0, 16, 1643, 0
0, 17, 1637, 0
0, 18, 2061, 0
0, 19, 1923, 0
0, 20, 2214, 0
0, 21, 1901, 0
0, 22, 2625, 0
0, 23, 1638, 0
0, 24, 1645, 0
0, 25, 1823, 0
0, 26, 2913, 0
0, 27, 3026, 0
0, 28, 1646, 0
0, 29, 2432, 0
0, 30, 2292, 0
0, 31, 1722, 0
0, 32, 1655, 0
0, 33, 3280, 0
0, 34, 1616, 0
0, 35, 1633, 0
0, 36, 2317, 0
0, 37, 3761, 0
0, 38, 2521, 0
0, 39, 3019, 0
0, 40, 1633, 0
0, 41, 1812, 0
0, 42, 1639, 0
0, 43, 2086, 0
0, 44, 1971, 0
0, 45, 1651, 0
0, 46, 3088, 0
0, 47, 2931, 0
0, 48, 1640, 0
0, 49, 1635, 0
0, 50, 1915, 0
0, 51, 3444, 0
0, 52, 1638, 0
0, 53, 3135, 0
0, 54, 2155, 0
0, 55, 1642, 0
0, 56, 2233, 0
0, 57, 3001, 0
0, 58, 1641, 0
0, 59, 1657, 0
0, 60, 1784, 0
0, 0, 0, 2132
26000, 1, 1631, 0
0, 2, 2493, 0
0, 3, 3782, 0
0, 4, 2838, 0
0, 5, 2168, 0
0, 6, 1646, 0
0, 7, 1646, 0
0, 8, 1647, 0
0, 9, 2731, 0
0, 10, 2085, 0
0, 11, 3561, 0
0, 12, 1625, 0
0, 13, 1644, 0
0, 14, 1743, 0
0, 15, 3398, 0
0, 16, 2252, 0
0, 17, 1638, 0
0, 18, 1639, 0
0, 19, 3407, 0
0, 20, 2479, 0
0, 21, 1651, 0
0, 22, 2138, 0
0, 23, 3489, 0
0, 24, 1625, 0
0, 25, 1644, 0
0, 26, 1628, 0
0, 27, 3298, 0
0, 28, 2781, 0
0, 29, 2608, 0
0, 30, 1640, 0
0, 31, 2117, 0
0, 32, 3326, 0
0, 33, 1634, 0
0, 34, 1651, 0
0, 35, 2072, 0
0, 36, 1688, 0
0, 37, 1822, 0
0, 38, 2695, 0
0, 39, 1624, 0
0, 40, 3129, 0
0, 41, 1762, 0
0, 42, 3649, 0
0, 43, 1822, 0
0, 44, 1943, 0
0, 45, 1667, 0
0, 46, 2510, 0
0, 47, 3473, 0
0, 48, 1756, 0
0, 49, 2348, 0
0, 50, 2851, 0
0, 51, 1656, 0
0, 52, 1716, 0
0, 53, 1633, 0
0, 54, 1648, 0
0, 55, 3476, 0
0, 56, 3580, 0
0, 57, 3125, 0
0, 58, 3289, 0
0, 59, 1708, 0
0, 60, 1690, 0
0, 0, 0, 2293
26500, 1, 1669, 0
0, 2, 1863, 0
0, 3, 3340, 0
0, 4, 2662, 0
0, 5, 2290, 0
0, 6, 1778, 0
0, 7, 1640, 0
0, 8, 1641, 0
0, 9, 1639, 0
0, 10, 1690, 0
0, 11, 1631, 0
0, 12, 3013, 0
0, 13, 2816, 0
0, 14, 3439, 0
0, 15, 1780, 0
0, 16, 1645, 0
0, 17, 1696, 0
0, 18, 1637, 0
0, 19, 1968, 0
0, 20, 1655, 0
0, 21, 1637, 0
0, 22, 2400, 0
0, 23, 1682, 0
0, 24, 1640, 0
0, 25, 2502, 0
0, 26, 1670, 0
0, 27, 1622, 0
0, 28, 1643, 0
0, 29, 1658, 0
0, 30, 1653, 0
0, 31, 1793, 0
0, 32, 1941, 0
0, 33, 2060, 0
0, 34, 1615, 0
0, 35, 3548, 0
0, 36, 1808, 0
0, 37, 3079, 0
0, 38, 2386, 0
0, 39, 1653, 0
0, 40, 3041, 0
0, 41, 3683, 0
0, 42, 1640, 0
0, 43, 1645, 0
0, 44, 1628, 0
0, 45, 1641, 0
0, 46, 1887, 0
0, 47, 3612, 0
0, 48, 3212, 0
0, 49, 2778, 0
0, 50, 1644, 0
0, 51, 1739, 0
0, 52, 1613, 0
0, 53, 2736, 0
0, 54, 2129, 0
0, 55, 1810, 0
0, 56, 1715, 0
0, 57, 1837, 0
0, 58, 1623, 0
0, 59, 1639, 0
0, 60, 1648, 0
0, 0, 0, 2073
27000, 1, 1740, 0
0, 2, 1664, 0
0, 3, 1636, 0
0, 4, 1656, 0
0, 5, 1725, 0
0, 6, 2297, 0
0, 7, 1666, 0
0, 8, 1669, 0
0, 9, 1654, 0
0, 10, 1666, 0
0, 11, 1652, 0
0, 12, 3089, 0
0, 13, 2429, 0
0, 14, 3524, 0
0, 15, 2508, 0
0, 16, 1666, 0
0, 17, 1984, 0
0, 18, 1640, 0
0, 19, 1624, 0
0, 20, 1718, 0
0, 21, 1658, 0
0, 22, 1645, 0
0, 23, 1650, 0
0, 24, 1644, 0
0, 25, 1650, 0
0, 26, 1948, 0
0, 27, 1671, 0
0, 28, 1629, 0
0, 29, 28678, 0
0, 30, 1748, 0
0, 31, 1838, 0
0, 32, 1649, 0
0, 33, 1649, 0
0, 34, 1629, 0
0, 35, 1699, 0
0, 36, 1631, 0
0, 37, 1842, 0
0, 38, 2989, 0
0, 39, 2720, 0
0, 40, 2015, 0
0, 41, 1652, 0
0, 42, 1651, 0
0, 43, 1911, 0
0, 44, 2994, 0
0, 45, 1651, 0
0, 46, 1626, 0
0, 47, 1828, 0
0, 48, 1656, 0
0, 49, 1957, 0
0, 50, 1840, 0
0, 51, 1627, 0
0, 52, 1651, 0
0, 53, 2674, 0
0, 54, 2318, 0
0, 55, 2042, 0
0, 56, 1809, 0
0, 57, 1800, 0
0, 58, 1698, 0
0, 59, 1774, 0
0, 60, 1651, 0
0, 0, 0, 2343
27500, 1, 2916, 0
0, 2, 1892, 0
0, 3, 1990, 0
0, 4, 2295, 0
0, 5, 3253, 0
0, 6, 1717, 0
0, 7, 1672, 0
0, 8, 1629, 0
0, 9, 1899, 0
0, 10, 1817, 0
0, 11, 1739, 0
0, 12, 3226, 0
0, 13, 2523, 0
0, 14, 1666, 0
0, 15, 1654, 0
0, 16, 1663, 0
0, 17, 2105, 0
0, 18, 2542, 0
0, 19, 2955, 0
0, 20, 1660, 0
0, 21, 2647, 0
0, 22, 1742, 0
0, 23, 1663, 0
0, 24, 1643, 0
0, 25, 2446, 0
0, 26, 3018, 0
0, 27, 3311, 0
0, 28, 3610, 0
0, 29, 3635, 0
0, 30, 2321, 0
0, 31, 1782, 0
0, 32, 1634, 0
0, 33, 1857, 0
0, 34, 1637, 0
0, 35, 1700, 0
0, 36, 2061, 0
0, 37, 1772, 0
0, 38, 1716, 0
0, 39, 2736, 0
0, 40, 1634, 0
0, 41, 1652, 0
0, 42, 1631, 0
0, 43, 1708, 0
0, 44, 2161, 0
0, 45, 1624, 0
0, 46, 3089, 0
0, 47, 2826, 0
0, 48, 1636, 0
0, 49, 1651, 0
0, 50, 1648, 0
0, 51, 1633, 0
0, 52, 1760, 0
0, 53, 1649, 0
0, 54, 3681, 0
0, 55, 1665, 0
0, 56, 1651, 0
0, 57, 1649, 0
0, 58, 1635, 0
0, 59, 1653, 0
0, 60, 1995, 0
0, 0, 0, 2099
28000, 1, 1659, 0
0, 2, 1859, 0
0, 3, 1841, 0
0, 4, 3657, 0
0, 5, 1694, 0
0, 6, 1639, 0
0, 7, 1813, 0
0, 8, 1640, 0
0, 9, 1670, 0
0, 10, 1645, 0
0, 11, 1809, 0
0, 12, 1648, 0
0, 13, 1690, 0
0, 14, 1697, 0
0, 15, 1647, 0
0, 16, 1639, 0
0, 17, 1620, 0
0, 18, 1697, 0
0, 19, 1639, 0
0, 20, 1651, 0
0, 21, 1615, 0
0, 22, 1679, 0
0, 23, 1655, 0
0, 24, 1647, 0
0, 25, 2588, 0
0, 26, 1636, 0
0, 27, 1816, 0
0, 28, 1631, 0
0, 29, 1866, 0
0, 30, 1680, 0
0, 31, 1628, 0
0, 32, 1656, 0
0, 33, 1657, 0
0, 34, 1653, 0
0, 35, 1647, 0
0, 36, 1622, 0
0, 37, 1606, 0
0, 38, 1663, 0
0, 39, 1679, 0
0, 40, 1616, 0
0, 41, 1710, 0
0, 42, 1628, 0
0, 43, 1637, 0
0, 44, 1639, 0
0, 45, 1656, 0
0, 46, 1725, 0
0, 47, 1632, 0
0, 48, 1651, 0
0, 49, 1807, 0
0, 50, 1733, 0
0, 51, 1655, 0
0, 52, 1649, 0
0, 53, 1720, 0
0, 54, 1623, 0
0, 55, 1615, 0
0, 56, 1646, 0
0, 57, 1625, 0
0, 58, 1648, 0
0, 59, 1662, 0
0, 60, 1654, 0
0, 0, 0, 1723
28500, 1, 1623, 0
0, 2, 1620, 0
0, 3, 1635, 0
0, 4, 1645, 0
0, 5, 1711, 0
0, 6, 1760, 0
0, 7, 1809, 0
0, 8, 1632, 0
0, 9, 1634, 0
0, 10, 1627, 0
0, 11, 1632, 0
0, 12, 1658, 0
0, 13, 1659, 0
0, 14, 1703, 0
0, 15, 1626, 0
0, 16, 1663, 0
0, 17, 1656, 0
0, 18, 1645, 0
0, 19, 1628, 0
0, 20, 1695, 0
0, 21, 1655, 0
0, 22, 1662, 0
0, 23, 1635, 0
0, 24, 1650, 0
0, 25, 1639, 0
0, 26, 2039, 0
0, 27, 1631, 0
0, 28, 1645, 0
0, 29, 3197, 0
0, 30, 1653, 0
0, 31, 1778, 0
0, 32, 1648, 0
0, 33, 1942, 0
0, 34, 2806, 0
0, 35, 1660, 0
0, 36, 1658, 0
0, 37, 1629, 0
0, 38, 1647, 0
0, 39, 1675, 0
0, 40, 1653, 0
0, 41, 1656, 0
0, 42, 2836, 0
0, 43, 3001, 0
0, 44, 1614, 0
0, 45, 1649, 0
0, 46, 1735, 0
0, 47, 1696, 0
0, 48, 1646, 0
0, 49, 1663, 0
0, 50, 2632, 0
0, 51, 2647, 0
0, 52, 3258, 0
0, 53, 2229, 0
0, 54, 1639, 0
0, 55, 1737, 0
0, 56, 1641, 0
0, 57, 1637, 0
0, 58, 1635, 0
0, 59, 1694, 0
0, 60, 1641, 0
0, 0, 0, 1827
29000, 1, 3372, 0
0, 2, 3551, 0
0, 3, 1637, 0
0, 4, 1645, 0
0, 5, 1811, 0
0, 6, 3544, 0
0, 7, 3546, 0
0, 8, 3304, 0
0, 9, 2464, 0
0, 10, 1639, 0
0, 11, 1749, 0
0, 12, 1659, 0
0, 13, 1669, 0
0, 14, 1834, 0
0, 15, 2925, 0
0, 16, 1657, 0
0, 17, 1820, 0
0, 18, 1664, 0
0, 19, 1665, 0
0, 20, 2127, 0
0, 21, 1650, 0
0, 22, 1699, 0
0, 23, 1621, 0
0, 24, 2268, 0
0, 25, 2441, 0
0, 26, 1848, 0
0, 27, 2343, 0
0, 28, 1859, 0
0, 29, 1668, 0
0, 30, 1655, 0
0, 31, 3084, 0
0, 32, 3519, 0
0, 33, 1682, 0
0, 34, 1641, 0
0, 35, 1780, 0
0, 36, 1970, 0
0, 37, 1858, 0
0, 38, 1642, 0
0, 39, 1640, 0
0, 40, 2866, 0
0, 41, 1665, 0
0, 42, 2848, 0
0, 43, 1659, 0
0, 44, 3195, 0
0, 45, 1681, 0
0, 46, 1649, 0
0, 47, 2787, 0
0, 48, 1686, 0
0, 49, 3544, 0
0, 50, 1657, 0
0, 51, 1929, 0
0, 52, 2248, 0
0, 53, 3751, 0
0, 54, 1621, 0
0, 55, 1748, 0
0, 56, 1657, 0
0, 57, 1659, 0
0, 58, 1652, 0
0, 59, 1642, 0
0, 60, 1689, 0
0, 0, 0, 2133
29500, 1, 1654, 0
0, 2, 1661, 0
0, 3, 1664, 0
0, 4, 1662, 0
0, 5, 1706, 0
0, 6, 1669, 0
0, 7, 3591, 0
0, 8, 1681, 0
0, 9, 1659, 0
0, 10, 2618, 0
0, 11, 3521, 0
0, 12, 1646, 0
0, 13, 1660, 0
0, 14, 3144, 0
0, 15, 3491, 0
0, 16, 2265, 0
0, 17, 3814, 0
0, 18, 3639, 0
0, 19, 1796, 0
0, 20, 2655, 0
0, 21, 2200, 0
0, 22, 2638, 0
0, 23, 1647, 0
0, 24, 1981, 0
0, 25, 1622, 0
0, 26, 2615, 0
0, 27, 1660, 0
0, 28, 1656, 0
0, 29, 2530, 0
0, 30, 1653, 0
0, 31, 3723, 0
0, 32, 3440, 0
0, 33, 1660, 0
0, 34, 2006, 0
0, 35, 1671, 0
0, 36, 1630, 0
0, 37, 2003, 0
0, 38, 1650, 0
0, 39, 3226, 0
0, 40, 2345, 0
0, 41, 1649, 0
0, 42, 2241, 0
0, 43, 2753, 0
0, 44, 1686, 0
0, 45, 1698, 0
0, 46, 1660, 0
0, 47, 3294, 0
0, 48, 2970, 0
0, 49, 1639, 0
0, 50, 1665, 0
0, 51, 1766, 0
0, 52, 1695, 0
0, 53, 1651, 0
0, 54, 1643, 0
0, 55, 1642, 0
0, 56, 1654, 0
0, 57, 2288, 0
0, 58, 2484, 0
0, 59, 1853, 0
0, 60, 1631, 0
0, 0, 0, 2171
30000, 1, 1660, 0
0, 2, 3388, 0
0, 3, 1702, 0
0, 4, 2236, 0
0, 5, 1895, 0
0, 6, 1651, 0
0, 7, 1630, 0
0, 8, 3306, 0
0, 9, 2173, 0
0, 10, 3156, 0
0, 11, 2212, 0
0, 12, 1638, 0
0, 13, 1673, 0
0, 14, 1673, 0
0, 15, 1845, 0
0, 16, 2263, 0
0, 17, 2975, 0
0, 18, 2320, 0
0, 19, 1693, 0
0, 20, 1650, 0
0, 21, 2064, 0
0, 22, 1648, 0
0, 23, 1639, 0
0, 24, 1760, 0
0, 25, 1645, 0
0, 26, 2343, 0
0, 27, 2265, 0
0, 28, 1644, 0
0, 29, 1868, 0
0, 30, 1656, 0
0, 31, 3315, 0
0, 32, 1654, 0
0, 33, 1768, 0
0, 34, 2370, 0
0, 35, 1646, 0
0, 36, 1650, 0
0, 37, 1645, 0
0, 38, 1742, 0
0, 39, 2938, 0
0, 40, 1656, 0
0, 41, 3533, 0
0, 42, 1656, 0
0, 43, 1651, 0
0, 44, 3557, 0
0, 45, 3734, 0
0, 46, 2778, 0
0, 47, 3018, 0
0, 48, 1645, 0
0, 49, 1641, 0
0, 50, 1658, 0
0, 51, 1656, 0
0, 52, 1734, 0
0, 53, 1654, 0
0, 54, 1642, 0
0, 55, 1667, 0
0, 56, 1664, 0
0, 57, 2863, 0
0, 58, 3651, 0
0, 59, 1654, 0
0, 60, 1677, 0
0, 0, 0, 2106
30500, 1, 2796, 0
0, 2, 2785, 0
0, 3, 1670, 0
0, 4, 1645, 0
0, 5, 1666, 0
0, 6, 1660, 0
0, 7, 1661, 0
0, 8, 3321, 0
0, 9, 1813, 0
0, 10, 3067, 0
0, 11, 1654, 0
0, 12, 1653, 0
0, 13, 1738, 0
0, 14, 3041, 0
0, 15, 1626, 0
0, 16, 3113, 0
0, 17, 1661, 0
0, 18, 1642, 0
0, 19, 2810, 0
0, 20, 2723, 0
0, 21, 2302, 0
0, 22, 3674, 0
0, 23, 1703, 0
0, 24, 1647, 0
0, 25, 2448, 0
0, 26, 3175, 0
0, 27, 3484, 0
0, 28, 1498, 0
0, 29, 1637, 0
0, 30, 1742, 0
0, 31, 2098, 0
0, 32, 3229, 0
0, 33, 1647, 0
0, 34, 1682, 0
0, 35, 1640, 0
0, 36, 1998, 0
0, 37, 1652, 0
0, 38, 2490, 0
0, 39, 3301, 0
0, 40, 1820, 0
0, 41, 1778, 0
0, 42, 1639, 0
0, 43, 2662, 0
0, 44, 1989, 0
0, 45, 2570, 0
0, 46, 1839, 0
0, 47, 1632, 0
0, 48, 2608, 0
0, 49, 2787, 0
0, 50, 2698, 0
0, 51, 2136, 0
0, 52, 1702, 0
0, 53, 1633, 0
0, 54, 1650, 0
0, 55, 1720, 0
0, 56, 3275, 0
0, 57, 1665, 0
0, 58, 1646, 0
0, 59, 1651, 0
0, 60, 1627, 0
0, 0, 0, 2158
31000, 1, 1806, 0
0, 2, 3023, 0
0, 3, 1640, 0
0, 4, 1917, 0
0, 5, 1646, 0
0, 6, 3529, 0
0, 7, 1660, 0
0, 8, 1660, 0
0, 9, 1654, 0
0, 10, 1653, 0
0, 11, 1653, 0
0, 12, 3552, 0
0, 13, 2442, 0
0, 14, 1642, 0
0, 15, 1657, 0
0, 16, 1627, 0
0, 17, 1647, 0
0, 18, 2649, 0
0, 19, 3651, 0
0, 20, 1749, 0
0, 21, 1644, 0
0, 22, 1724, 0
0, 23, 2741, 0
0, 24, 2434, 0
0, 25, 1931, 0
0, 26, 1661, 0
0, 27, 1670, 0
0, 28, 1664, 0
0, 29, 1653, 0
0, 30, 1922, 0
0, 31, 2730, 0
0, 32, 1655, 0
0, 33, 1659, 0
0, 34, 1641, 0
0, 35, 1650, 0
0, 36, 2329, 0
0, 37, 3074, 0
0, 38, 1658, 0
0, 39, 1739, 0
0, 40, 2723, 0
0, 41, 1693, 0
0, 42, 2976, 0
0, 43, 3781, 0
0, 44, 1646, 0
0, 45, 1677, 0
0, 46, 1633, 0
0, 47, 3590, 0
0, 48, 2882, 0
0, 49, 1718, 0
0, 50, 3308, 0
0, 51, 1657, 0
0, 52, 2657, 0
0, 53, 1663, 0
0, 54, 2632, 0
0, 55, 1673, 0
0, 56, 1706, 0
0, 57, 1724, 0
0, 58, 2970, 0
0, 59, 2736, 0
0, 60, 1970, 0
0, 0, 0, 2144
31500, 1, 1636, 0
0, 2, 1730, 0
0, 3, 1653, 0
0, 4, 1641, 0
0, 5, 1641, 0
0, 6, 1648, 0
0, 7, 1644, 0
0, 8, 1669, 0
0, 9, 1639, 0
0, 10, 1659, 0
0, 11, 1651, 0
0, 12, 1666, 0
0, 13, 1644, 0
0, 14, 1652, 0
0, 15, 1652, 0
0, 16, 1659, 0
0, 17, 1649, 0
0, 18, 1647, 0
0, 19, 1651, 0
0, 20, 1629, 0
0, 21, 1632, 0
0, 22, 1637, 0
0, 23, 1654, 0
0, 24, 1644, 0
0, 25, 1659, 0
0, 26, 1649, 0
0, 27, 1636, 0
0, 28, 1641, 0
0, 29, 1686, 0
0, 30, 1651, 0
0, 31, 1641, 0
0, 32, 1659, 0
0, 33, 1660, 0
0, 34, 1665, 0
0, 35, 1661, 0
0, 36, 1670, 0
0, 37, 1653, 0
0, 38, 1744, 0
0, 39, 1638, 0
0, 40, 1783, 0
0, 41, 1668, 0
0, 42, 1649, 0
0, 43, 1651, 0
0, 44, 1671, 0
0, 45, 1663, 0
0, 46, 1654, 0
0, 47, 1651, 0
0, 48, 1633, 0
0, 49, 1651, 0
0, 50, 1661, 0
0, 51, 1647, 0
0, 52, 1846, 0
0, 53, 1643, 0
0, 54, 1655, 0
0, 55, 1737, 0
0, 56, 1664, 0
0, 57, 1647, 0
0, 58, 3481, 0
0, 59, 1649, 0
0, 60, 2774, 0
0, 0, 0, 1710
32000, 1, 1711, 0
0, 2, 1684, 0
0, 3, 1643, 0
0, 4, 1901, 0
0, 5, 3040, 0
0, 6, 1667, 0
0, 7, 2775, 0
0, 8, 3083, 0
0, 9, 2053, 0
0, 10, 1639, 0
0, 11, 2185, 0
0, 12, 2882, 0
0, 13, 2323, 0
0, 14, 1674, 0
0, 15, 1651, 0
0, 16, 3093, 0
0, 17, 1894, 0
0, 18, 2376, 0
0, 19, 1634, 0
0, 20, 1647, 0
0, 21, 1647, 0
0, 22, 2209, 0
0, 23, 1628, 0
0, 24, 1762, 0
0, 25, 1650, 0
0, 26, 1645, 0
0, 27, 1944, 0
0, 28, 1928, 0
0, 29, 3296, 0
0, 30, 1645, 0
0, 31, 1785, 0
0, 32, 1668, 0
0, 33, 1657, 0
0, 34, 1641, 0
0, 35, 2663, 0
0, 36, 1644, 0
0, 37, 1638, 0
0, 38, 1805, 0
0, 39, 1641, 0
0, 40, 2010, 0
0, 41, 1809, 0
0, 42, 1653, 0
0, 43, 1758, 0
0, 44, 1660, 0
0, 45, 1692, 0
0, 46, 1670, 0
0, 47, 3623, 0
0, 48, 1666, 0
0, 49, 1749, 0
0, 50, 2814, 0
0, 51, 3382, 0
0, 52, 3349, 0
0, 53, 3688, 0
0, 54, 1667, 0
0, 55, 2791, 0
0, 56, 1629, 0
0, 57, 2651, 0
0, 58, 3524, 0
0, 59, 2286, 0
0, 60, 1633, 0
0, 0, 0, 2112
32500, 1, 1771, 0
0, 2, 1668, 0
0, 3, 1656, 0
0, 4, 3772, 0
0, 5, 1675, 0
0, 6, 1679, 0
0, 7, 1645, 0
0, 8, 1675, 0
0, 9, 2662, 0
0, 10, 1826, 0
0, 11, 1638, 0
0, 12, 1668, 0
0, 13, 2087, 0
0, 14, 2357, 0
0, 15, 2542, 0
0, 16, 1706, 0
0, 17, 2172, 0
0, 18, 1674, 0
0, 19, 2605, 0
0, 20, 1639, 0
0, 21, 1686, 0
0, 22, 2939, 0
0, 23, 1668, 0
0, 24, 1676, 0
0, 25, 1666, 0
0, 26, 2550, 0
0, 27, 3700, 0
0, 28, 1635, 0
0, 29, 2645, 0
0, 30, 1659, 0
0, 31, 2434, 0
0, 32, 3158, 0
0, 33, 2869, 0
0, 34, 3503, 0
0, 35, 1664, 0
0, 36, 1686, 0
0, 37, 1643, 0
0, 38, 2301, 0
0, 39, 1645, 0
0, 40, 1661, 0
0, 41, 1656, 0
0, 42, 2303, 0
0, 43, 2595, 0
0, 44, 3303, 0
0, 45, 1660, 0
0, 46, 1641, 0
0, 47, 1663, 0
0, 48, 2530, 0
0, 49, 1663, 0
0, 50, 1675, 0
0, 51, 1872, 0
0, 52, 1666, 0
0, 53, 1689, 0
0, 54, 1674, 0
0, 55, 3566, 0
0, 56, 2814, 0
0, 57, 2431, 0
0, 58, 1658, 0
0, 59, 1792, 0
0, 60, 2447, 0
0, 0, 0, 2113
33000, 1, 3247, 0
0, 2, 2928, 0
0, 3, 1666, 0
0, 4, 1698, 0
0, 5, 3194, 0
0, 6, 1886, 0
0, 7, 1648, 0
0, 8, 1977, 0
0, 9, 1648, 0
0, 10, 1671, 0
0, 11, 1719, 0
0, 12, 1658, 0
0, 13, 2620, 0
0, 14, 1650, 0
0, 15, 1692, 0
0, 16, 3635, 0
0, 17, 2442, 0
0, 18, 1654, 0
0, 19, 1962, 0
0, 20, 1673, 0
0, 21, 1688, 0
0, 22, 1683, 0
0, 23, 2837, 0
0, 24, 3418, 0
0, 25, 1718, 0
0, 26, 2349, 0
0, 27, 1655, 0
0, 28, 1677, 0
0, 29, 2692, 0
0, 30, 1774, 0
0, 31, 1656, 0
0, 32, 1651, 0
0, 33, 1687, 0
0, 34, 3042, 0
0, 35, 2501, 0
0, 36, 1669, 0
0, 37, 1816, 0
0, 38, 1659, 0
0, 39, 1670, 0
0, 40, 1648, 0
0, 41, 3422, 0
0, 42, 1878, 0
0, 43, 1667, 0
0, 44, 2174, 0
0, 45, 1714, 0
0, 46, 1823, 0
0, 47, 2984, 0
0, 48, 1903, 0
0, 49, 1685, 0
0, 50, 2843, 0
0, 51, 2341, 0
0, 52, 3549, 0
0, 53, 1670, 0
0, 54, 2616, 0
0, 55, 1660, 0
0, 56, 1675, 0
0, 57, 1691, 0
0, 58, 2519, 0
0, 59, 3602, 0
0, 60, 1674, 0
0, 0, 0, 2130
33500, 1, 1683, 0
0, 2, 1694, 0
0, 3, 1699, 0
0, 4, 3392, 0
0, 5, 3193, 0
0, 6, 1660, 0
0, 7, 1671, 0
0, 8, 2520, 0
0, 9, 1666, 0
0, 10, 1666, 0
0, 11, 2645, 0
0, 12, 1645, 0
0, 13, 1913, 0
0, 14, 2809, 0
0, 15, 1739, 0
0, 16, 1656, 0
0, 17, 1664, 0
0, 18, 2000, 0
0, 19, 2389, 0
0, 20, 1654, 0
0, 21, 2032, 0
0, 22, 2560, 0
0, 23, 1654, 0
0, 24, 1647, 0
0, 25, 2184, 0
0, 26, 1794, 0
0, 27, 3294, 0
0, 28, 1668, 0
0, 29, 1665, 0
0, 30, 3344, 0
0, 31, 3228, 0
0, 32, 3802, 0
0, 33, 1641, 0
0, 34, 1687, 0
0, 35, 1656, 0
0, 36, 2826, 0
0, 37, 1654, 0
0, 38, 1697, 0
0, 39, 1649, 0
0, 40, 3001, 0
0, 41, 3134, 0
0, 42, 2954, 0
0, 43, 2231, 0
0, 44, 1919, 0
0, 45, 1663, 0
0, 46, 2283, 0
0, 47, 1725, 0
0, 48, 3633, 0
0, 49, 3054, 0
0, 50, 1803, 0
0, 51, 1671, 0
0, 52, 1639, 0
0, 53, 1897, 0
0, 54, 3644, 0
0, 55, 1667, 0
0, 56, 1678, 0
0, 57, 1659, 0
0, 58, 3023, 0
0, 59, 1732, 0
0, 60, 1688, 0
0, 0, 0, 2172
34000, 1, 1667, 0
0, 2, 1656, 0
0, 3, 3597, 0
0, 4, 2109, 0
0, 5, 2959, 0
0, 6, 1678, 0
0, 7, 1922, 0
0, 8, 1697, 0
0, 9, 3544, 0
0, 10, 1838, 0
0, 11, 3433, 0
0, 12, 1812, 0
0, 13, 2382, 0
0, 14, 1641, 0
0, 15, 2274, 0
0, 16, 2957, 0
0, 17, 1657, 0
0, 18, 1657, 0
0, 19, 1660, 0
0, 20, 2653, 0
0, 21, 2359, 0
0, 22, 1656, 0
0, 23, 1629, 0
0, 24, 1657, 0
0, 25, 3621, 0
0, 26, 1923, 0
0, 27, 3304, 0
0, 28, 2355, 0
0, 29, 1675, 0
0, 30, 1670, 0
0, 31, 2585, 0
0, 32, 1805, 0
0, 33, 3504, 0
0, 34, 1884, 0
0, 35, 1722, 0
0, 36, 1660, 0
0, 37, 3201, 0
0, 38, 2345, 0
0, 39, 1627, 0
0, 40, 1650, 0
0, 41, 1832, 0
0, 42, 1782, 0
0, 43, 1660, 0
0, 44, 1647, 0
0, 45, 1671, 0
0, 46, 1669, 0
0, 47, 1798, 0
0, 48, 1661, 0
0, 49, 1909, 0
0, 50, 1652, 0
0, 51, 1646, 0
0, 52, 1646, 0
0, 53, 1653, 0
0, 54, 1651, 0
0, 55, 1665, 0
0, 56, 1680, 0
0, 57, 1639, 0
0, 58, 1652, 0
0, 59, 1657, 0
0, 60, 1672, 0
0, 0, 0, 2041
34500, 1, 1642, 0
0, 2, 1646, 0
0, 3, 1665, 0
0, 4, 1658, 0
0, 5, 1674, 0
0, 6, 1625, 0
0, 7, 1679, 0
0, 8, 1669, 0
0, 9, 1668, 0
0, 10, 1664, 0
0, 11, 1666, 0
0, 12, 1657, 0
0, 13, 2626, 0
0, 14, 1669, 0
0, 15, 1686, 0
0, 16, 1655, 0
0, 17, 1638, 0
0, 18, 1663, 0
0, 19, 1649, 0
0, 20, 1702, 0
0, 21, 1644, 0
0, 22, 1651, 0
0, 23, 1655, 0
0, 24, 1655, 0
0, 25, 1696, 0
0, 26, 1652, 0
0, 27, 1653, 0
0, 28, 1668, 0
0, 29, 1683, 0
0, 30, 1648, 0
0, 31, 1676, 0
0, 32, 1907, 0
0, 33, 3130, 0
0, 34, 1673, 0
0, 35, 1656, 0
0, 36, 2380, 0
0, 37, 2340, 0
0, 38, 2287, 0
0, 39, 2533, 0
0, 40, 1652, 0
0, 41, 1656, 0
0, 42, 1667, 0
0, 43, 3712, 0
0, 44, 1804, 0
0, 45, 3552, 0
0, 46, 1670, 0
0, 47, 1669, 0
0, 48, 1658, 0
0, 49, 2071, 0
0, 50, 2552, 0
0, 51, 1668, 0
0, 52, 1861, 0
0, 53, 2544, 0
0, 54, 2938, 0
0, 55, 2137, 0
0, 56, 3266, 0
0, 57, 1888, 0
0, 58, 3327, 0
0, 59, 1666, 0
0, 60, 2954, 0
0, 0, 0, 1971
35000, 1, 2603, 0
0, 2, 2942, 0
0, 3, 1710, 0
0, 4, 1644, 0
0, 5, 1712, 0
0, 6, 1665, 0
0, 7, 2981, 0
0, 8, 1660, 0
0, 9, 1657, 0
0, 10, 1697, 0
0, 11, 1646, 0
0, 12, 1657, 0
0, 13, 1724, 0
0, 14, 1747, 0
0, 15, 3360, 0
0, 16, 1672, 0
0, 17, 3489, 0
0, 18, 1668, 0
0, 19, 1638, 0
0, 20, 1638, 0
0, 21, 1633, 0
0, 22, 2114, 0
0, 23, 1638, 0
0, 24, 1637, 0
0, 25, 1699, 0
0, 26, 1638, 0
0, 27, 2012, 0
0, 28, 3259, 0
0, 29, 2047, 0
0, 30, 3777, 0
0, 31, 1663, 0
0, 32, 1655, 0
0, 33, 1703, 0
0, 34, 1655, 0
0, 35, 1650, 0
0, 36, 3089, 0
0, 37, 1651, 0
0, 38, 2909, 0
0, 39, 2678, 0
0, 40, 2274, 0
0, 41, 1644, 0
0, 42, 1647, 0
0, 43, 3298, 0
0, 44, 2278, 0
0, 45, 3606, 0
0, 46, 3189, 0
0, 47, 1778, 0
0, 48, 1852, 0
0, 49, 1689, 0
0, 50, 1729, 0
0, 51, 1794, 0
0, 52, 1651, 0
0, 53, 1680, 0
0, 54, 1706, 0
0, 55, 3544, 0
0, 56, 2155, 0
0, 57, 3175, 0
0, 58, 2217, 0
0, 59, 1667, 0
0, 60, 2516, 0
0, 0, 0, 2128
35500, 1, 2128, 0
0, 2, 3496, 0
0, 3, 3401, 0
0, 4, 2084, 0
0, 5, 1667, 0
0, 6, 1687, 0
0, 7, 1687, 0
0, 8, 1944, 0
0, 9, 2477, 0
0, 10, 1661, 0
0, 11, 1668, 0
0, 12, 1779, 0
0, 13, 3730, 0
0, 14, 2662, 0
0, 15, 1646, 0
0, 16, 1667, 0
0, 17, 1684, 0
0, 18, 1648, 0
0, 19, 1684, 0
0, 20, 2045, 0
0, 21, 1666, 0
0, 22, 1669, 0
0, 23, 1721, 0
0, 24, 2650, 0
0, 25, 1919, 0
0, 26, 2629, 0
0, 27, 1664, 0
0, 28, 1653, 0
0, 29, 1785, 0
0, 30, 1667, 0
0, 31, 1691, 0
0, 32, 1683, 0
0, 33, 1674, 0
0, 34, 3596, 0
0, 35, 2116, 0
0, 36, 3255, 0
0, 37, 1689, 0
0, 38, 1665, 0
0, 39, 2932, 0
0, 40, 3008, 0
0, 41, 3023, 0
0, 42, 1664, 0
0, 43, 1656, 0
0, 44, 1799, 0
0, 45, 3626, 0
0, 46, 2547, 0
0, 47, 2075, 0
0, 48, 2351, 0
0, 49, 1674, 0
0, 50, 1662, 0
0, 51, 1678, 0
0, 52, 1683, 0
0, 53, 1718, 0
0, 54, 2049, 0
0, 55, 1655, 0
0, 56, 2082, 0
0, 57, 2421, 0
0, 58, 1653, 0
0, 59, 1665, 0
0, 60, 1666, 0
0, 0, 0, 2085
36000, 1, 2368, 0
0, 2, 1682, 0
0, 3, 1675, 0
0, 4, 1680, 0
0, 5, 2442, 0
0, 6, 2060, 0
0, 7, 3186, 0
0, 8, 1668, 0
0, 9, 1657, 0
0, 10, 1797, 0
0, 11, 2812, 0
0, 12, 2760, 0
0, 13, 2157, 0
0, 14, 1670, 0
0, 15, 1641, 0
0, 16, 2172, 0
0, 17, 1661, 0
0, 18, 1634, 0
0, 19, 1636, 0
0, 20, 1653, 0
0, 21, 1742, 0
0, 22, 1653, 0
0, 23, 1808, 0
0, 24, 2027, 0
0, 25, 1706, 0
0, 26, 1664, 0
0, 27, 2096, 0
0, 28, 1666, 0
0, 29, 2976, 0
0, 30, 1659, 0
0, 31, 3394, 0
0, 32, 2077, 0
0, 33, 1658, 0
0, 34, 2343, 0
0, 35, 1701, 0
0, 36, 1744, 0
0, 37, 1695, 0
0, 38, 2646, 0
0, 39, 3705, 0
0, 40, 3334, 0
0, 41, 1665, 0
0, 42, 1674, 0
0, 43, 2966, 0
0, 44, 1649, 0
0, 45, 2985, 0
0, 46, 1689, 0
0, 47, 1669, 0
0, 48, 1698, 0
0, 49, 1677, 0
0, 50, 3210, 0
0, 51, 1647, 0
0, 52, 1959, 0
0, 53, 1655, 0
0, 54, 3323, 0
0, 55, 2674, 0
0, 56, 1686, 0
0, 57, 2560, 0
0, 58, 1943, 0
0, 59, 3534, 0
0, 60, 2380, 0
0, 0, 0, 2125
36500, 1, 1647, 0
0, 2, 1675, 0
0, 3, 1649, 0
0, 4, 3536, 0
0, 5, 1959, 0
0, 6, 1850, 0
0, 7, 1695, 0
0, 8, 1689, 0
0, 9, 1684, 0
0, 10, 1881, 0
0, 11, 3337, 0
0, 12, 2581, 0
0, 13, 1670, 0
0, 14, 1675, 0
0, 15, 2950, 0
0, 16, 1658, 0
0, 17, 1683, 0
0, 18, 1693, 0
0, 19, 1658, 0
0, 20, 1671, 0
0, 21, 2680, 0
0, 22, 3182, 0
0, 23, 1669, 0
0, 24, 1667, 0
0, 25, 1687, 0
0, 26, 1682, 0
0, 27, 2280, 0
0, 28, 1645, 0
0, 29, 3311, 0
0, 30, 1735, 0
0, 31, 1647, 0
0, 32, 2686, 0
0, 33, 1674, 0
0, 34, 1643, 0
0, 35, 1665, 0
0, 36, 2291, 0
0, 37, 3058, 0
0, 38, 2824, 0
0, 39, 1889, 0
0, 40, 1635, 0
0, 41, 2342, 0
0, 42, 2666, 0
0, 43, 1768, 0
0, 44, 1657, 0
0, 45, 1708, 0
0, 46, 1680, 0
0, 47, 1682, 0
0, 48, 1657, 0
0, 49, 1969, 0
0, 50, 1680, 0
0, 51, 1673, 0
0, 52, 1650, 0
0, 53, 3720, 0
0, 54, 2099, 0
0, 55, 1656, 0
0, 56, 1663, 0
0, 57, 1647, 0
0, 58, 1671, 0
0, 59, 1634, 0
0, 60, 1660, 0
0, 0, 0, 2004
37000, 1, 1810, 0
0, 2, 1664, 0
0, 3, 1644, 0
0, 4, 1647, 0
0, 5, 1697, 0
0, 6, 1965, 0
0, 7, 1668, 0
0, 8, 1691, 0
0, 9, 1689, 0
0, 10, 1678, 0
0, 11, 1637, 0
0, 12, 1649, 0
0, 13, 1662, 0
0, 14, 1653, 0
0, 15, 1745, 0
0, 16, 1662, 0
0, 17, 1648, 0
0, 18, 1661, 0
0, 19, 1849, 0
0, 20, 1664, 0
0, 21, 1637, 0
0, 22, 1646, 0
0, 23, 1660, 0
0, 24, 1646, 0
0, 25, 1653, 0
0, 26, 1652, 0
0, 27, 1617, 0
0, 28, 1643, 0
0, 29, 1673, 0
0, 30, 1644, 0
0, 31, 1684, 0
0, 32, 1727, 0
0, 33, 1664, 0
0, 34, 1642, 0
0, 35, 1686, 0
0, 36, 1647, 0
0, 37, 1633, 0
0, 38, 1636, 0
0, 39, 1665, 0
0, 40, 1641, 0
0, 41, 1665, 0
0, 42, 1707, 0
0, 43, 1644, 0
0, 44, 1643, 0
0, 45, 1626, 0
0, 46, 1945, 0
0, 47, 1688, 0
0, 48, 1662, 0
0, 49, 1668, 0
0, 50, 1687, 0
0, 51, 1652, 0
0, 52, 2471, 0
0, 53, 1810, 0
0, 54, 2405, 0
0, 55, 1843, 0
0, 56, 1639, 0
0, 57, 1664, 0
0, 58, 1634, 0
0, 59, 1636, 0
0, 60, 1789, 0
0, 0, 0, 1709
37500, 1, 1652, 0
0, 2, 3678, 0
0, 3, 1680, 0
0, 4, 1731, 0
0, 5, 2444, 0
0, 6, 1665, 0
0, 7, 1679, 0
0, 8, 2391, 0
0, 9, 3532, 0
0, 10, 1681, 0
0, 11, 1657, 0
0, 12, 1655, 0
0, 13, 1725, 0
0, 14, 1647, 0
0, 15, 2873, 0
0, 16, 2254, 0
0, 17, 1665, 0
0, 18, 1678, 0
0, 19, 3368, 0
0, 20, 1657, 0
0, 21, 3296, 0
0, 22, 1648, 0
0, 23, 1672, 0
0, 24, 3536, 0
0, 25, 3557, 0
0, 26, 1664, 0
0, 27, 1683, 0
0, 28, 1665, 0
0, 29, 1684, 0
0, 30, 2126, 0
0, 31, 2962, 0
0, 32, 1683, 0
0, 33, 1672, 0
0, 34, 3410, 0
0, 35, 3625, 0
0, 36, 1664, 0
0, 37, 1677, 0
0, 38, 1652, 0
0, 39, 28164, 0
0, 40, 2555, 0
0, 41, 3768, 0
0, 42, 1653, 0
0, 43, 1670, 0
0, 44, 1666, 0
0, 45, 1977, 0
0, 46, 1971, 0
0, 47, 1880, 0
0, 48, 1923, 0
0, 49, 1668, 0
0, 50, 1669, 0
0, 51, 1912, 0
0, 52, 1711, 0
0, 53, 1704, 0
0, 54, 1650, 0
0, 55, 3718, 0
0, 56, 2267, 0
0, 57, 3436, 0
0, 58, 1654, 0
0, 59, 1671, 0
0, 60, 3210, 0
0, 0, 0, 2611
38000, 1, 1671, 0
0, 2, 3478, 0
0, 3, 1763, 0
0, 4, 1682, 0
0, 5, 3207, 0
0, 6, 2641, 0
0, 7, 1973, 0
0, 8, 1667, 0
0, 9, 1659, 0
0, 10, 1658, 0
0, 11, 3103, 0
0, 12, 2002, 0
0, 13, 1683, 0
0, 14, 1674, 0
0, 15, 1677, 0
0, 16, 3463, 0
0, 17, 3167, 0
0, 18, 1671, 0
0, 19, 1819, 0
0, 20, 1670, 0
0, 21, 1717, 0
0, 22, 2853, 0
0, 23, 1661, 0
0, 24, 3705, 0
0, 25, 1654, 0
0, 26, 2858, 0
0, 27, 1659, 0
0, 28, 2329, 0
0, 29, 1716, 0
0, 30, 1740, 0
0, 31, 1971, 0
0, 32, 2574, 0
0, 33, 1682, 0
0, 34, 3565, 0
0, 35, 1667, 0
0, 36, 1676, 0
0, 37, 1689, 0
0, 38, 2062, 0
0, 39, 1759, 0
0, 40, 2633, 0
0, 41, 1664, 0
0, 42, 3598, 0
0, 43, 1688, 0
0, 44, 2768, 0
0, 45, 2030, 0
0, 46, 1647, 0
0, 47, 1656, 0
0, 48, 2155, 0
0, 49, 3064, 0
0, 50, 1825, 0
0, 51, 1677, 0
0, 52, 3449, 0
0, 53, 2754, 0
0, 54, 3280, 0
0, 55, 1672, 0
0, 56, 1667, 0
0, 57, 1721, 0
0, 58, 2332, 0
0, 59, 2198, 0
0, 60, 2495, 0
0, 0, 0, 2197
38500, 1, 1665, 0
0, 2, 1684, 0
0, 3, 1902, 0
0, 4, 1960, 0
0, 5, 3133, 0
0, 6, 1729, 0
0, 7, 1682, 0
0, 8, 3561, 0
0, 9, 2074, 0
0, 10, 3496, 0
0, 11, 1720, 0
0, 12, 1682, 0
0, 13, 3725, 0
0, 14, 1688, 0
0, 15, 3653, 0
0, 16, 1681, 0
0, 17, 1660, 0
0, 18, 1705, 0
0, 19, 3298, 0
0, 20, 1669, 0
0, 21, 1728, 0
0, 22, 1671, 0
0, 23, 1667, 0
0, 24, 2318, 0
0, 25, 2262, 0
0, 26, 1654, 0
0, 27, 1672, 0
0, 28, 1667, 0
0, 29, 2127, 0
0, 30, 1675, 0
0, 31, 3679, 0
0, 32, 1822, 0
0, 33, 1662, 0
0, 34, 2529, 0
0, 35, 1670, 0
0, 36, 3212, 0
0, 37, 3634, 0
0, 38, 1742, 0
0, 39, 2549, 0
0, 40, 1676, 0
0, 41, 3280, 0
0, 42, 1682, 0
0, 43, 1636, 0
0, 44, 3255, 0
0, 45, 3433, 0
0, 46, 1674, 0
0, 47, 1753, 0
0, 48, 1709, 0
0, 49, 1736, 0
0, 50, 1696, 0
0, 51, 2021, 0
0, 52, 1662, 0
0, 53, 1710, 0
0, 54, 2113, 0
0, 55, 1656, 0
0, 56, 3263, 0
0, 57, 1670, 0
0, 58, 1675, 0
0, 59, 1682, 0
0, 60, 1672, 0
0, 0, 0, 2149
39000, 1, 1682, 0
0, 2, 3386, 0
0, 3, 1748, 0
0, 4, 3703, 0
0, 5, 1884, 0
0, 6, 1712, 0
0, 7, 3701, 0
0, 8, 2657, 0
0, 9, 1677, 0
0, 10, 2832, 0
0, 11, 1703, 0
0, 12, 1674, 0
0, 13, 1667, 0
0, 14, 1665, 0
0, 15, 2042, 0
0, 16, 1832, 0
0, 17, 2750, 0
0, 18, 1669, 0
0, 19, 1677, 0
0, 20, 2006, 0
0, 21, 3237, 0
0, 22, 3091, 0
0, 23, 1853, 0
0, 24, 1734, 0
0, 25, 1668, 0
0, 26, 3503, 0
0, 27, 1844, 0
0, 28, 2435, 0
0, 29, 1665, 0
0, 30, 1678, 0
0, 31, 3168, 0
0, 32, 1908, 0
0, 33, 2839, 0
0, 34, 1694, 0
0, 35, 2357, 0
0, 36, 3231, 0
0, 37, 2455, 0
0, 38, 2171, 0
0, 39, 1751, 0
0, 40, 2332, 0
0, 41, 1777, 0
0, 42, 3257, 0
0, 43, 1649, 0
0, 44, 2809, 0
0, 45, 1887, 0
0, 46, 1658, 0
0, 47, 1663, 0
0, 48, 2434, 0
0, 49, 3159, 0
0, 50, 1663, 0
0, 51, 2361, 0
0, 52, 3666, 0
0, 53, 2166, 0
0, 54, 2114, 0
0, 55, 1982, 0
0, 56, 3205, 0
0, 57, 3463, 0
0, 58, 2311, 0
0, 59, 1670, 0
0, 60, 1657, 0
0, 0, 0, 2280
39500, 1, 1664, 0
0, 2, 2006, 0
0, 3, 1681, 0
0, 4, 1671, 0
0, 5, 1672, 0
0, 6, 1667, 0
0, 7, 1665, 0
0, 8, 1879, 0
0, 9, 1713, 0
0, 10, 1657, 0
0, 11, 1664, 0
0, 12, 1685, 0
0, 13, 1659, 0
0, 14, 1645, 0
0, 15, 1676, 0
0, 16, 1667, 0
0, 17, 1674, 0
0, 18, 1655, 0
0, 19, 1658, 0
0, 20, 1633, 0
0, 21, 1662, 0
0, 22, 1682, 0
0, 23, 1659, 0
0, 24, 1657, 0
0, 25, 1648, 0
0, 26, 1667, 0
0, 27, 1673, 0
0, 28, 1684, 0
0, 29, 1701, 0
0, 30, 1686, 0
0, 31, 1678, 0
0, 32, 1979, 0
0, 33, 1686, 0
0, 34, 1682, 0
0, 35, 1684, 0
0, 36, 1671, 0
0, 37, 1683, 0
0, 38, 1697, 0
0, 39, 1663, 0
0, 40, 1690, 0
0, 41, 1658, 0
0, 42, 1667, 0
0, 43, 1676, 0
0, 44, 1685, 0
0, 45, 1662, 0
0, 46, 1662, 0
0, 47, 1665, 0
0, 48, 2620, 0
0, 49, 1691, 0
0, 50, 3416, 0
0, 51, 2254, 0
0, 52, 1644, 0
0, 53, 3237, 0
0, 54, 1679, 0
0, 55, 1693, 0
0, 56, 1768, 0
0, 57, 1691, 0
0, 58, 1679, 0
0, 59, 1658, 0
0, 60, 1684, 0
0, 0, 0, 1768
40000, 1, 1665, 0
0, 2, 1658, 0
0, 3, 1758, 0
0, 4, 3213, 0
0, 5, 1669, 0
0, 6, 1672, 0
0, 7, 1667, 0
0, 8, 1713, 0
0, 9, 2797, 0
0, 10, 1903, 0
0, 11, 2635, 0
0, 12, 1645, 0
0, 13, 1802, 0
0, 14, 1669, 0
0, 15, 1930, 0
0, 16, 3110, 0
0, 17, 1656, 0
0, 18, 1680, 0
0, 19, 1653, 0
0, 20, 2865, 0
0, 21, 1662, 0
0, 22, 3066, 0
0, 23, 1687, 0
0, 24, 1664, 0
0, 25, 3140, 0
0, 26, 1665, 0
0, 27, 2477, 0
0, 28, 2882, 0
0, 29, 1658, 0
0, 30, 1659, 0
0, 31, 1672, 0
0, 32, 2801, 0
0, 33, 2559, 0
0, 34, 1676, 0
0, 35, 1678, 0
0, 36, 3301, 0
0, 37, 1669, 0
0, 38, 3629, 0
0, 39, 1765, 0
0, 40, 1712, 0
0, 41, 1980, 0
0, 42, 1701, 0
0, 43, 3682, 0
0, 44, 1660, 0
0, 45, 1824, 0
0, 46, 1936, 0
0, 47, 1870, 0
0, 48, 1963, 0
0, 49, 1636, 0
0, 50, 1695, 0
0, 51, 1719, 0
0, 52, 3813, 0
0, 53, 1717, 0
0, 54, 1655, 0
0, 55, 1706, 0
0, 56, 1734, 0
0, 57, 1691, 0
0, 58, 1861, 0
0, 59, 1817, 0
0, 60, 1666, 0
0, 0, 0, 2061
40500, 1, 1682, 0
0, 2, 1748, 0
0, 3, 3073, 0
0, 4, 1649, 0
0, 5, 1977, 0
0, 6, 2129, 0
0, 7, 3737, 0
0, 8, 1669, 0
0, 9, 1951, 0
0, 10, 1694, 0
0, 11, 2704, 0
0, 12, 1687, 0
0, 13, 1918, 0
0, 14, 1662, 0
0, 15, 1676, 0
0, 16, 1684, 0
0, 17, 1657, 0
0, 18, 1659, 0
0, 19, 1666, 0
0, 20, 1781, 0
0, 21, 2387, 0
0, 22, 2161, 0
0, 23, 2419, 0
0, 24, 1664, 0
0, 25, 1667, 0
0, 26, 1655, 0
0, 27, 1853, 0
0, 28, 1811, 0
0, 29, 1672, 0
0, 30, 1675, 0
0, 31, 1713, 0
0, 32, 1671, 0
0, 33, 2031, 0
0, 34, 3371, 0
0, 35, 1667, 0
0, 36, 2550, 0
0, 37, 3741, 0
0, 38, 2467, 0
0, 39, 1667, 0
0, 40, 1690, 0
0, 41, 1674, 0
0, 42, 2856, 0
0, 43, 2433, 0
0, 44, 1662, 0
0, 45, 1685, 0
0, 46, 1666, 0
0, 47, 2829, 0
0, 48, 2410, 0
0, 49, 1691, 0
0, 50, 3624, 0
0, 51, 2322, 0
0, 52, 2123, 0
0, 53, 2096, 0
0, 54, 1672, 0
0, 55, 2603, 0
0, 56, 3359, 0
0, 57, 3013, 0
0, 58, 1957, 0
0, 59, 1696, 0
0, 60, 1669, 0
0, 0, 0, 2099
41000, 1, 2609, 0
0, 2, 3096, 0
0, 3, 1848, 0
0, 4, 1667, 0
0, 5, 1663, 0
0, 6, 1666, 0
0, 7, 1848, 0
0, 8, 1985, 0
0, 9, 1999, 0
0, 10, 1639, 0
0, 11, 2271, 0
0, 12, 3488, 0
0, 13, 3487, 0
0, 14, 2371, 0
0, 15, 1658, 0
0, 16, 3199, 0
0, 17, 2790, 0
0, 18, 2569, 0
0, 19, 1663, 0
0, 20, 1700, 0
0, 21, 1641, 0
0, 22, 2474, 0
0, 23, 1719, 0
0, 24, 2326, 0
0, 25, 1683, 0
0, 26, 1662, 0
0, 27, 3276, 0
0, 28, 1972, 0
0, 29, 1646, 0
0, 30, 1649, 0
0, 31, 1683, 0
0, 32, 3020, 0
0, 33, 3373, 0
0, 34, 1692, 0
0, 35, 1721, 0
0, 36, 1820, 0
0, 37, 3746, 0
0, 38, 3700, 0
0, 39, 1663, 0
0, 40, 2084, 0
0, 41, 2355, 0
0, 42, 1677, 0
0, 43, 1667, 0
0, 44, 1940, 0
0, 45, 1938, 0
0, 46, 1647, 0
0, 47, 3600, 0
0, 48, 2871, 0
0, 49, 1914, 0
0, 50, 1691, 0
0, 51, 1666, 0
0, 52, 1870, 0
0, 53, 2305, 0
0, 54, 1686, 0
0, 55, 1666, 0
0, 56, 1946, 0
0, 57, 1696, 0
0, 58, 3721, 0
0, 59, 2381, 0
0, 60, 1676, 0
0, 0, 0, 2194
41500, 1, 3421, 0
0, 2, 1858, 0
0, 3, 1704, 0
0, 4, 2878, 0
0, 5, 3132, 0
0, 6, 3654, 0
0, 7, 2802, 0
0, 8, 1674, 0
0, 9, 2000, 0
0, 10, 1667, 0
0, 11, 3721, 0
0, 12, 3148, 0
0, 13, 1687, 0
0, 14, 1845, 0
0, 15, 1662, 0
0, 16, 3608, 0
0, 17, 1676, 0
0, 18, 2520, 0
0, 19, 1668, 0
0, 20, 1697, 0
0, 21, 1656, 0
0, 22, 3107, 0
0, 23, 1681, 0
0, 24, 1675, 0
0, 25, 1687, 0
0, 26, 1884, 0
0, 27, 2010, 0
0, 28, 1665, 0
0, 29, 1673, 0
0, 30, 1800, 0
0, 31, 1753, 0
0, 32, 1650, 0
0, 33, 1699, 0
0, 34, 1645, 0
0, 35, 1687, 0
0, 36, 1664, 0
0, 37, 3699, 0
0, 38, 2672, 0
0, 39, 2503, 0
0, 40, 1677, 0
0, 41, 2187, 0
0, 42, 2075, 0
0, 43, 3360, 0
0, 44, 1713, 0
0, 45, 3150, 0
0, 46, 2668, 0
0, 47, 2836, 0
0, 48, 1853, 0
0, 49, 1655, 0
0, 50, 3479, 0
0, 51, 1992, 0
0, 52, 1666, 0
0, 53, 1890, 0
0, 54, 3506, 0
0, 55, 2271, 0
0, 56, 1685, 0
0, 57, 1675, 0
0, 58, 1684, 0
0, 59, 1753, 0
0, 60, 1672, 0
0, 0, 0, 2204
42000, 1, 1661, 0
0, 2, 1690, 0
0, 3, 1823, 0
0, 4, 1672, 0
0, 5, 1671, 0
0, 6, 1686, 0
0, 7, 1697, 0
0, 8, 1775, 0
0, 9, 1670, 0
0, 10, 1689, 0
0, 11, 1737, 0
0, 12, 1668, 0
0, 13, 1669, 0
0, 14, 1695, 0
0, 15, 1676, 0
0, 16, 1729, 0
0, 17, 1764, 0
0, 18, 1715, 0
0, 19, 1670, 0
0, 20, 1659, 0
0, 21, 1684, 0
0, 22, 1678, 0
0, 23, 1679, 0
0, 24, 1684, 0
0, 25, 1665, 0
0, 26, 1659, 0
0, 27, 1656, 0
0, 28, 1658, 0
0, 29, 1660, 0
0, 30, 1841, 0
0, 31, 1689, 0
0, 32, 1781, 0
0, 33, 1666, 0
0, 34, 1664, 0
0, 35, 1670, 0
0, 36, 1693, 0
0, 37, 2055, 0
0, 38, 1739, 0
0, 39, 1681, 0
0, 40, 1880, 0
0, 41, 3328, 0
0, 42, 1656, 0
0, 43, 3308, 0
0, 44, 1675, 0
0, 45, 1732, 0
0, 46, 1848, 0
0, 47, 1664, 0
0, 48, 2002, 0
0, 49, 1679, 0
0, 50, 2494, 0
0, 51, 1705, 0
0, 52, 2707, 0
0, 53, 3488, 0
0, 54, 1684, 0
0, 55, 1684, 0
0, 56, 1911, 0
0, 57, 2294, 0
0, 58, 2885, 0
0, 59, 1872, 0
0, 60, 3478, 0
0, 0, 0, 1891
42500, 1, 2027, 0
0, 2, 2610, 0
0, 3, 1705, 0
0, 4, 1696, 0
0, 5, 1670, 0
0, 6, 1694, 0
0, 7, 1702, 0
0, 8, 1796, 0
0, 9, 1694, 0
0, 10, 1708, 0
0, 11, 2958, 0
0, 12, 2651, 0
0, 13, 1673, 0
0, 14, 2049, 0
0, 15, 3366, 0
0, 16, 1689, 0
0, 17, 3378, 0
0, 18, 1948, 0
0, 19, 1691, 0
0, 20, 1884, 0
0, 21, 3148, 0
0, 22, 1739, 0
0, 23, 1656, 0
0, 24, 3314, 0
0, 25, 1729, 0
0, 26, 1712, 0
0, 27, 2505, 0
0, 28, 2230, 0
0, 29, 1673, 0
0, 30, 2626, 0
0, 31, 1672, 0
0, 32, 2897, 0
0, 33, 3199, 0
0, 34, 1678, 0
0, 35, 2418, 0
0, 36, 2073, 0
0, 37, 1691, 0
0, 38, 1780, 0
0, 39, 1837, 0
0, 40, 2585, 0
0, 41, 1691, 0
0, 42, 1709, 0
0, 43, 1693, 0
0, 44, 2536, 0
0, 45, 2470, 0
0, 46, 1816, 0
0, 47, 2118, 0
0, 48, 1684, 0
0, 49, 1695, 0
0, 50, 1691, 0
0, 51, 1979, 0
0, 52, 1727, 0
0, 53, 1700, 0
0, 54, 1702, 0
0, 55, 3707, 0
0, 56, 1675, 0
0, 57, 2001, 0
0, 58, 1677, 0
0, 59, 3528, 0
0, 60, 1677, 0
0, 0, 0, 2103
43000, 1, 1690, 0
0, 2, 1711, 0
0, 3, 1688, 0
0, 4, 2018, 0
0, 5, 1715, 0
0, 6, 1855, 0
0, 7, 1676, 0
0, 8, 1911, 0
0, 9, 2134, 0
0, 10, 1682, 0
0, 11, 1671, 0
0, 12, 1715, 0
0, 13, 1703, 0
0, 14, 2467, 0
0, 15, 3020, 0
0, 16, 1684, 0
0, 17, 2608, 0
0, 18, 1692, 0
0, 19, 2014, 0
0, 20, 1800, 0
0, 21, 1691, 0
0, 22, 3720, 0
0, 23, 1997, 0
0, 24, 1702, 0
0, 25, 1695, 0
0, 26, 1836, 0
0, 27, 2104, 0
0, 28, 1695, 0
0, 29, 2933, 0
0, 30, 1684, 0
0, 31, 2721, 0
0, 32, 2179, 0
0, 33, 1697, 0
0, 34, 2015, 0
0, 35, 1736, 0
0, 36, 2293, 0
0, 37, 3289, 0
0, 38, 3524, 0
0, 39, 1669, 0
0, 40, 2190, 0
0, 41, 1692, 0
0, 42, 1843, 0
0, 43, 2585, 0
0, 44, 1756, 0
0, 45, 1688, 0
0, 46, 2564, 0
0, 47, 2312, 0
0, 48, 1684, 0
0, 49, 2482, 0
0, 50, 1690, 0
0, 51, 1990, 0
0, 52, 2234, 0
0, 53, 1680, 0
0, 54, 1690, 0
0, 55, 1681, 0
0, 56, 2359, 0
0, 57, 1677, 0
0, 58, 1749, 0
0, 59, 3228, 0
0, 60, 1689, 0
0, 0, 0, 2051
43500, 1, 2065, 0
0, 2, 3737, 0
0, 3, 1693, 0
0, 4, 2839, 0
0, 5, 1680, 0
0, 6, 1681, 0
0, 7, 1689, 0
0, 8, 1674, 0
0, 9, 1763, 0
0, 10, 1735, 0
0, 11, 1669, 0
0, 12, 1958, 0
0, 13, 1986, 0
0, 14, 1971, 0
0, 15, 1869, 0
0, 16, 2012, 0
0, 17, 2276, 0
0, 18, 1792, 0
0, 19, 1924, 0
0, 20, 2091, 0
0, 21, 1919, 0
0, 22, 2721, 0
0, 23, 3569, 0
0, 24, 3652, 0
0, 25, 1681, 0
0, 26, 1687, 0
0, 27, 1672, 0
0, 28, 3559, 0
0, 29, 3564, 0
0, 30, 1693, 0
0, 31, 1822, 0
0, 32, 1796, 0
0, 33, 2494, 0
0, 34, 1672, 0
0, 35, 2244, 0
0, 36, 1678, 0
0, 37, 3005, 0
0, 38, 1711, 0
0, 39, 1680, 0
0, 40, 1720, 0
0, 41, 3070, 0
0, 42, 3042, 0
0, 43, 1667, 0
0, 44, 1797, 0
0, 45, 1675, 0
0, 46, 1668, 0
0, 47, 2306, 0
0, 48, 1957, 0
0, 49, 1691, 0
0, 50, 3709, 0
0, 51, 1679, 0
0, 52, 1684, 0
0, 53, 1676, 0
0, 54, 1678, 0
0, 55, 3696, 0
0, 56, 3274, 0
0, 57, 2232, 0
0, 58, 1665, 0
0, 59, 1754, 0
0, 60, 1861, 0
0, 0, 0, 2157
44000, 1, 1797, 0
0, 2, 1714, 0
0, 3, 1675, 0
0, 4, 2336, 0
0, 5, 2826, 0
0, 6, 1697, 0
0, 7, 1681, 0
0, 8, 2943, 0
0, 9, 2572, 0
0, 10, 2410, 0
0, 11, 2850, 0
0, 12, 1674, 0
0, 13, 2040, 0
0, 14, 2776, 0
0, 15, 2252, 0
0, 16, 1803, 0
0, 17, 2146, 0
0, 18, 1899, 0
0, 19, 2407, 0
0, 20, 1688, 0
0, 21, 1675, 0
0, 22, 1927, 0
0, 23, 1766, 0
0, 24, 3746, 0
0, 25, 1707, 0
0, 26, 2194, 0
0, 27, 3481, 0
0, 28, 3260, 0
0, 29, 1678, 0
0, 30, 1687, 0
0, 31, 1698, 0
0, 32, 1782, 0
0, 33, 1701, 0
0, 34, 1681, 0
0, 35, 1681, 0
0, 36, 1677, 0
0, 37, 1688, 0
0, 38, 1739, 0
0, 39, 1680, 0
0, 40, 1695, 0
0, 41, 1673, 0
0, 42, 1729, 0
0, 43, 1704, 0
0, 44, 1668, 0
0, 45, 1678, 0
0, 46, 1664, 0
0, 47, 1656, 0
0, 48, 1686, 0
0, 49, 1678, 0
0, 50, 1694, 0
0, 51, 1680, 0
0, 52, 1799, 0
0, 53, 1677, 0
0, 54, 1683, 0
0, 55, 1705, 0
0, 56, 1680, 0
0, 57, 1734, 0
0, 58, 1681, 0
0, 59, 1812, 0
0, 60, 1860, 0
0, 0, 0, 1957
44500, 1, 1677, 0
0, 2, 1680, 0
0, 3, 1686, 0
0, 4, 1686, 0
0, 5, 1678, 0
0, 6, 1684, 0
0, 7, 1691, 0
0, 8, 1759, 0
0, 9, 1700, 0
0, 10, 3705, 0
0, 11, 2168, 0
0, 12, 3256, 0
0, 13, 1667, 0
0, 14, 1683, 0
0, 15, 1689, 0
0, 16, 1945, 0
0, 17, 1694, 0
0, 18, 1935, 0
0, 19, 3496, 0
0, 20, 1694, 0
0, 21, 2871, 0
0, 22, 1670, 0
0, 23, 1752, 0
0, 24, 3715, 0
0, 25, 2275, 0
0, 26, 1694, 0
0, 27, 1691, 0
0, 28, 2731, 0
0, 29, 2135, 0
0, 30, 1696, 0
0, 31, 1916, 0
0, 32, 1720, 0
0, 33, 1814, 0
0, 34, 3359, 0
0, 35, 3426, 0
0, 36, 1787, 0
0, 37, 1908, 0
0, 38, 3667, 0
0, 39, 1884, 0
0, 40, 1673, 0
0, 41, 1668, 0
0, 42, 2614, 0
0, 43, 1681, 0
0, 44, 1674, 0
0, 45, 1690, 0
0, 46, 2279, 0
0, 47, 2671, 0
0, 48, 2215, 0
0, 49, 1712, 0
0, 50, 1680, 0
0, 51, 1982, 0
0, 52, 2291, 0
0, 53, 1692, 0
0, 54, 1711, 0
0, 55, 1674, 0
0, 56, 3264, 0
0, 57, 2156, 0
0, 58, 3627, 0
0, 59, 1692, 0
0, 60, 1672, 0
0, 0, 0, 2120
45000, 1, 2944, 0
0, 2, 1713, 0
0, 3, 1885, 0
0, 4, 1813, 0
0, 5, 2183, 0
0, 6, 1699, 0
0, 7, 1682, 0
0, 8, 1793, 0
0, 9, 2975, 0
0, 10, 1811, 0
0, 11, 1679, 0
0, 12, 1680, 0
0, 13, 1676, 0
0, 14, 2315, 0
0, 15, 1711, 0
0, 16, 1680, 0
0, 17, 1674, 0
0, 18, 1805, 0
0, 19, 1767, 0
0, 20, 2182, 0
0, 21, 1864, 0
0, 22, 3738, 0
0, 23, 1692, 0
0, 24, 1852, 0
0, 25, 1736, 0
0, 26, 1672, 0
0, 27, 3179, 0
0, 28, 1686, 0
0, 29, 1668, 0
0, 30, 1726, 0
0, 31, 3148, 0
0, 32, 1729, 0
0, 33, 4292, 0
0, 34, 1676, 0
0, 35, 1673, 0
0, 36, 3539, 0
0, 37, 1693, 0
0, 38, 1666, 0
0, 39, 1694, 0
0, 40, 1922, 0
0, 41, 2075, 0
0, 42, 1849, 0
0, 43, 1927, 0
0, 44, 1849, 0
0, 45, 3160, 0
0, 46, 3222, 0
0, 47, 1669, 0
0, 48, 1724, 0
0, 49, 2539, 0
0, 50, 3465, 0
0, 51, 1682, 0
0, 52, 1687, 0
0, 53, 2719, 0
0, 54, 1804, 0
0, 55, 1919, 0
0, 56, 1698, 0
0, 57, 1781, 0
0, 58, 2131, 0
0, 59, 1775, 0
0, 60, 1671, 0
0, 0, 0, 2080
45500, 1, 1690, 0
0, 2, 1911, 0
0, 3, 3580, 0
0, 4, 1825, 0
0, 5, 1722, 0
0, 6, 1668, 0
0, 7, 2284, 0
0, 8, 3694, 0
0, 9, 1689, 0
0, 10, 1841, 0
0, 11, 1886, 0
0, 12, 1700, 0
0, 13, 1812, 0
0, 14, 3176, 0
0, 15, 3166, 0
0, 16, 687703, 0
0, 17, 3724, 0
0, 18, 1691, 0
0, 19, 1816, 0
0, 20, 1724, 0
0, 21, 1755, 0
0, 22, 2259, 0
0, 23, 2388, 0
0, 24, 1671, 0
0, 25, 1687, 0
0, 26, 1696, 0
0, 27, 3708, 0
0, 28, 1711, 0
0, 29, 1676, 0
0, 30, 1690, 0
0, 31, 2876, 0
0, 32, 2034, 0
0, 33, 1672, 0
0, 34, 1679, 0
0, 35, 1687, 0
0, 36, 2363, 0
0, 37, 2471, 0
0, 38, 2055, 0
0, 39, 2854, 0
0, 40, 3714, 0
0, 41, 1701, 0
0, 42, 1717, 0
0, 43, 1677, 0
0, 44, 1705, 0
0, 45, 3790, 0
0, 46, 1687, 0
0, 47, 1881, 0
0, 48, 1686, 0
0, 49, 3523, 0
0, 50, 2810, 0
0, 51, 1530, 0
0, 52, 1682, 0
0, 53, 2927, 0
0, 54, 3196, 0
0, 55, 3290, 0
0, 56, 1685, 0
0, 57, 2569, 0
0, 58, 2709, 0
0, 59, 3247, 0
0, 60, 2030, 0
0, 0, 0, 13683
46000, 1, 1774, 0
0, 2, 3530, 0
0, 3, 2496, 0
0, 4, 1697, 0
0, 5, 1870, 0
0, 6, 1685, 0
0, 7, 1686, 0
0, 8, 1683, 0
0, 9, 2763, 0
0, 10, 3757, 0
0, 11, 3342, 0
0, 12, 1693, 0
0, 13, 1685, 0
0, 14, 1837, 0
0, 15, 1721, 0
0, 16, 3554, 0
0, 17, 1694, 0
0, 18, 1772, 0
0, 19, 2451, 0
0, 20, 1690, 0
0, 21, 1709, 0
0, 22, 1749, 0
0, 23, 3521, 0
0, 24, 2934, 0
0, 25, 1536, 0
0, 26, 1686, 0
0, 27, 1721, 0
0, 28, 3369, 0
0, 29, 2135, 0
0, 30, 1682, 0
0, 31, 1694, 0
0, 32, 1695, 0
0, 33, 3450, 0
0, 34, 1735, 0
0, 35, 1701, 0
0, 36, 2362, 0
0, 37, 1805, 0
0, 38, 1782, 0
0, 39, 1705, 0
0, 40, 1692, 0
0, 41, 2024, 0
0, 42, 1709, 0
0, 43, 1691, 0
0, 44, 1679, 0
0, 45, 3261, 0
0, 46, 1854, 0
0, 47, 1685, 0
0, 48, 54408, 0
0, 49, 1731, 0
0, 50, 1744, 0
0, 51, 1675, 0
0, 52, 1657, 0
0, 53, 1679, 0
0, 54, 1664, 0
0, 55, 1683, 0
0, 56, 1685, 0
0, 57, 1671, 0
0, 58, 1679, 0
0, 59, 1665, 0
0, 60, 1693, 0
0, 0, 0, 2909
46500, 1, 1694, 0
0, 2, 1665, 0
0, 3, 1682, 0
0, 4, 1702, 0
0, 5, 1695, 0
0, 6, 1709, 0
0, 7, 1754, 0
0, 8, 1688, 0
0, 9, 1707, 0
0, 10, 1723, 0
0, 11, 1709, 0
0, 12, 1685, 0
0, 13, 1693, 0
0, 14, 1694, 0
0, 15, 1667, 0
0, 16, 1708, 0
0, 17, 1701, 0
0, 18, 1760, 0
0, 19, 1694, 0
0, 20, 1685, 0
0, 21, 1690, 0
0, 22, 1701, 0
0, 23, 1682, 0
0, 24, 1669, 0
0, 25, 1717, 0
0, 26, 1719, 0
0, 27, 1840, 0
0, 28, 3432, 0
0, 29, 3184, 0
0, 30, 1685, 0
0, 31, 1682, 0
0, 32, 1675, 0
0, 33, 1686, 0
0, 34, 2679, 0
0, 35, 1695, 0
0, 36, 1678, 0
0, 37, 2858, 0
0, 38, 1976, 0
0, 39, 1532, 0
0, 40, 1691, 0
0, 41, 1717, 0
0, 42, 2289, 0
0, 43, 2922, 0
0, 44, 1939, 0
0, 45, 2703, 0
0, 46, 1687, 0
0, 47, 3145, 0
0, 48, 1680, 0
0, 49, 1682, 0
0, 50, 1672, 0
0, 51, 1686, 0
0, 52, 2449, 0
0, 53, 3307, 0
0, 54, 2974, 0
0, 55, 3340, 0
0, 56, 1723, 0
0, 57, 2194, 0
0, 58, 1699, 0
0, 59, 1718, 0
0, 60, 1678, 0
0, 0, 0, 1961
47000, 1, 1689, 0
0, 2, 1976, 0
0, 3, 3627, 0
0, 4, 1808, 0
0, 5, 2452, 0
0, 6, 1694, 0
0, 7, 2113, 0
0, 8, 2060, 0
0, 9, 1671, 0
0, 10, 1691, 0
0, 11, 1674, 0
0, 12, 2484, 0
0, 13, 2933, 0
0, 14, 3712, 0
0, 15, 2146, 0
0, 16, 2830, 0
0, 17, 2624, 0
0, 18, 1832, 0
0, 19, 1690, 0
0, 20, 1999, 0
0, 21, 1673, 0
0, 22, 1691, 0
0, 23, 1955, 0
0, 24, 2737, 0
0, 25, 1940, 0
0, 26, 1669, 0
0, 27, 1686, 0
0, 28, 2719, 0
0, 29, 3272, 0
0, 30, 3127, 0
0, 31, 1664, 0
0, 32, 1738, 0
0, 33, 1777, 0
0, 34, 3097, 0
0, 35, 1780, 0
0, 36, 1689, 0
0, 37, 1887, 0
0, 38, 1667, 0
0, 39, 3195, 0
0, 40, 1873, 0
0, 41, 3087, 0
0, 42, 1678, 0
0, 43, 1710, 0
0, 44, 1674, 0
0, 45, 1730, 0
0, 46, 1718, 0
0, 47, 1815, 0
0, 48, 1701, 0
0, 49, 3023, 0
0, 50, 1719, 0
0, 51, 1913, 0
0, 52, 2041, 0
0, 53, 2246, 0
0, 54, 2262, 0
0, 55, 1780, 0
0, 56, 1904, 0
0, 57, 2451, 0
0, 58, 1885, 0
0, 59, 2730, 0
0, 60, 1689, 0
0, 0, 0, 2138
47500, 1, 1691, 0
0, 2, 2026, 0
0, 3, 1745, 0
0, 4, 1689, 0
0, 5, 2154, 0
0, 6, 3771, 0
0, 7, 1788, 0
0, 8, 1714, 0
0, 9, 2381, 0
0, 10, 1702, 0
0, 11, 2116, 0
0, 12, 2004, 0
0, 13, 2811, 0
0, 14, 1794, 0
0, 15, 1699, 0
0, 16, 3504, 0
0, 17, 2604, 0
0, 18, 2636, 0
0, 19, 2059, 0
0, 20, 1678, 0
0, 21, 1764, 0
0, 22, 2001, 0
0, 23, 1935, 0
0, 24, 2907, 0
0, 25, 1712, 0
0, 26, 1716, 0
0, 27, 2594, 0
0, 28, 2742, 0
0, 29, 1677, 0
0, 30, 1683, 0
0, 31, 3702, 0
0, 32, 2304, 0
0, 33, 2188, 0
0, 34, 1711, 0
0, 35, 3646, 0
0, 36, 1923, 0
0, 37, 1685, 0
0, 38, 1697, 0
0, 39, 1952, 0
0, 40, 2537, 0
0, 41, 3400, 0
0, 42, 1809, 0
0, 43, 1849, 0
0, 44, 1830, 0
0, 45, 3282, 0
0, 46, 1697, 0
0, 47, 1735, 0
0, 48, 3550, 0
0, 49, 1720, 0
0, 50, 2157, 0
0, 51, 2560, 0
0, 52, 3346, 0
0, 53, 1707, 0
0, 54, 1729, 0
0, 55, 1911, 0
0, 56, 2380, 0
0, 57, 1733, 0
0, 58, 2951, 0
0, 59, 1863, 0
0, 60, 2532, 0
0, 0, 0, 2223
48000, 1, 1845, 0
0, 2, 1798, 0
0, 3, 2687, 0
0, 4, 1795, 0
0, 5, 2566, 0
0, 6, 2401, 0
0, 7, 1682, 0
0, 8, 1770, 0
0, 9, 2693, 0
0, 10, 2375, 0
0, 11, 1938, 0
0, 12, 1703, 0
0, 13, 3793, 0
0, 14, 1687, 0
0, 15, 1719, 0
0, 16, 2862, 0
0, 17, 1691, 0
0, 18, 1709, 0
0, 19, 2971, 0
0, 20, 1712, 0
0, 21, 1701, 0
0, 22, 1702, 0
0, 23, 1798, 0
0, 24, 1699, 0
0, 25, 1751, 0
0, 26, 1973, 0
0, 27, 1703, 0
0, 28, 1684, 0
0, 29, 3613, 0
0, 30, 2330, 0
0, 31, 3724, 0
0, 32, 2095, 0
0, 33, 2570, 0
0, 34, 2918, 0
0, 35, 2625, 0
0, 36, 1664, 0
0, 37, 1717, 0
0, 38, 1934, 0
0, 39, 1702, 0
0, 40, 1877, 0
0, 41, 1698, 0
0, 42, 2721, 0
0, 43, 1677, 0
0, 44, 1695, 0
0, 45, 2977, 0
0, 46, 1709, 0
0, 47, 2464, 0
0, 48, 3398, 0
0, 49, 1694, 0
0, 50, 1938, 0
0, 51, 1711, 0
0, 52, 1800, 0
0, 53, 1698, 0
0, 54, 1698, 0
0, 55, 2272, 0
0, 56, 2321, 0
0, 57, 1740, 0
0, 58, 1819, 0
0, 59, 1734, 0
0, 60, 1711, 0
0, 0, 0, 2110
48500, 1, 1700, 0
0, 2, 1687, 0
0, 3, 1684, 0
0, 4, 1724, 0
0, 5, 1756, 0
0, 6, 1867, 0
0, 7, 1674, 0
0, 8, 1801, 0
0, 9, 1733, 0
0, 10, 1690, 0
0, 11, 1686, 0
0, 12, 1736, 0
0, 13, 1678, 0
0, 14, 1689, 0
0, 15, 1699, 0
0, 16, 1702, 0
0, 17, 1719, 0
0, 18, 1682, 0
0, 19, 1758, 0
0, 20, 1696, 0
0, 21, 1702, 0
0, 22, 1707, 0
0, 23, 1705, 0
0, 24, 1695, 0
0, 25, 1700, 0
0, 26, 1688, 0
0, 27, 1695, 0
0, 28, 1721, 0
0, 29, 1872, 0
0, 30, 1691, 0
0, 31, 1681, 0
0, 32, 1679, 0
0, 33, 1687, 0
0, 34, 1687, 0
0, 35, 1694, 0
0, 36, 3121, 0
0, 37, 3639, 0
0, 38, 1662, 0
0, 39, 1690, 0
0, 40, 1682, 0
0, 41, 2041, 0
0, 42, 3389, 0
0, 43, 1747, 0
0, 44, 1742, 0
0, 45, 2975, 0
0, 46, 2498, 0
0, 47, 2490, 0
0, 48, 1708, 0
0, 49, 1706, 0
0, 50, 1769, 0
0, 51, 2158, 0
0, 52, 1707, 0
0, 53, 1754, 0
0, 54, 1693, 0
0, 55, 1691, 0
0, 56, 1706, 0
0, 57, 1855, 0
0, 58, 1822, 0
0, 59, 2064, 0
0, 60, 2842, 0
0, 0, 0, 1885
49000, 1, 1697, 0
0, 2, 1700, 0
0, 3, 2475, 0
0, 4, 1790, 0
0, 5, 1708, 0
0, 6, 1789, 0
0, 7, 3230, 0
0, 8, 1684, 0
0, 9, 1689, 0
0, 10, 1701, 0
0, 11, 1702, 0
0, 12, 2199, 0
0, 13, 1768, 0
0, 14, 1698, 0
0, 15, 3280, 0
0, 16, 1887, 0
0, 17, 2092, 0
0, 18, 1742, 0
0, 19, 3175, 0
0, 20, 3481, 0
0, 21, 1870, 0
0, 22, 1687, 0
0, 23, 2178, 0
0, 24, 1703, 0
0, 25, 1764, 0
0, 26, 1689, 0
0, 27, 2507, 0
0, 28, 1686, 0
0, 29, 1904, 0
0, 30, 1696, 0
0, 31, 1975, 0
0, 32, 1708, 0
0, 33, 2352, 0
0, 34, 1739, 0
0, 35, 2825, 0
0, 36, 1720, 0
0, 37, 1679, 0
0, 38, 1849, 0
0, 39, 2884, 0
0, 40, 3200, 0
0, 41, 1684, 0
0, 42, 2720, 0
0, 43, 1728, 0
0, 44, 1736, 0
0, 45, 2082, 0
0, 46, 3497, 0
0, 47, 1701, 0
0, 48, 3085, 0
0, 49, 2547, 0
0, 50, 3772, 0
0, 51, 1796, 0
0, 52, 2781, 0
0, 53, 2942, 0
0, 54, 1724, 0
0, 55, 1694, 0
0, 56, 1695, 0
0, 57, 2367, 0
0, 58, 1700, 0
0, 59, 1745, 0
0, 60, 2344, 0
0, 0, 0, 2140
49500, 1, 2959, 0
0, 2, 3204, 0
0, 3, 1979, 0
0, 4, 1703, 0
0, 5, 4445, 0
0, 6, 1711, 0
0, 7, 1723, 0
0, 8, 1687, 0
0, 9, 1726, 0
0, 10, 1687, 0
0, 11, 1683, 0
0, 12, 2066, 0
0, 13, 2839, 0
0, 14, 1680, 0
0, 15, 1740, 0
0, 16, 2155, 0
0, 17, 1664, 0
0, 18, 2744, 0
0, 19, 1969, 0
0, 20, 1769, 0
0, 21, 2000, 0
0, 22, 1699, 0
0, 23, 3680, 0
0, 24, 1994, 0
0, 25, 2968, 0
0, 26, 2882, 0
0, 27, 3573, 0
0, 28, 2040, 0
0, 29, 1693, 0
0, 30, 3478, 0
0, 31, 1752, 0
0, 32, 1726, 0
0, 33, 2298, 0
0, 34, 3667, 0
0, 35, 1702, 0
0, 36, 2701, 0
0, 37, 1881, 0
0, 38, 2142, 0
0, 39, 3064, 0
0, 40, 1709, 0
0, 41, 1703, 0
0, 42, 1707, 0
0, 43, 1749, 0
0, 44, 1691, 0
0, 45, 1696, 0
0, 46, 1710, 0
0, 47, 1684, 0
0, 48, 1816, 0
0, 49, 1718, 0
0, 50, 1702, 0
0, 51, 3184, 0
0, 52, 1709, 0
0, 53, 1890, 0
0, 54, 2993, 0
0, 55, 1706, 0
0, 56, 3504, 0
0, 57, 1698, 0
0, 58, 2175, 0
0, 59, 1708, 0
0, 60, 2155, 0
0, 0, 0, 2194
50000, 1, 1711, 0
0, 2, 1703, 0
0, 3, 1709, 0
0, 4, 1717, 0
0, 5, 1707, 0
0, 6, 1828, 0
0, 7, 1714, 0
0, 8, 1701, 0
0, 9, 2633, 0
0, 10, 1924, 0
0, 11, 1729, 0
0, 12, 1708, 0
0, 13, 1691, 0
0, 14, 1700, 0
0, 15, 2407, 0
0, 16, 1694, 0
0, 17, 1761, 0
0, 18, 2405, 0
0, 19, 1691, 0
0, 20, 1690, 0
0, 21, 1681, 0
0, 22, 1958, 0
0, 23, 1670, 0
0, 24, 3142, 0
0, 25, 3242, 0
0, 26, 1702, 0
0, 27, 2163, 0
0, 28, 2536, 0
0, 29, 3123, 0
0, 30, 1744, 0
0, 31, 1921, 0
0, 32, 3485, 0
0, 33, 1689, 0
0, 34, 1669, 0
0, 35, 2920, 0
0, 36, 2071, 0
0, 37, 1696, 0
0, 38, 1681, 0
0, 39, 2015, 0
0, 40, 1762, 0
0, 41, 1673, 0
0, 42, 1824, 0
0, 43, 2128, 0
0, 44, 1687, 0
0, 45, 3065, 0
0, 46, 1693, 0
0, 47, 2867, 0
0, 48, 1676, 0
0, 49, 3788, 0
0, 50, 1704, 0
0, 51, 3145, 0
0, 52, 1848, 0
0, 53, 1670, 0
0, 54, 1703, 0
0, 55, 1989, 0
0, 56, 2605, 0
0, 57, 3561, 0
0, 58, 2403, 0
0, 59, 1701, 0
0, 60, 1696, 0
0, 0, 0, 2085
50500, 1, 1757, 0
0, 2, 1685, 0
0, 3, 1697, 0
0, 4, 1714, 0
0, 5, 1779, 0
0, 6, 1709, 0
0, 7, 1711, 0
0, 8, 1711, 0
0, 9, 1715, 0
0, 10, 1708, 0
0, 11, 1683, 0
0, 12, 1694, 0
0, 13, 1757, 0
0, 14, 1749, 0
0, 15, 1715, 0
0, 16, 1703, 0
0, 17, 1698, 0
0, 18, 1710, 0
0, 19, 1702, 0
0, 20, 1698, 0
0, 21, 1717, 0
0, 22, 1700, 0
0, 23, 1687, 0
0, 24, 1672, 0
0, 25, 1693, 0
0, 26, 1702, 0
0, 27, 1699, 0
0, 28, 1687, 0
0, 29, 1692, 0
0, 30, 1696, 0
0, 31, 1692, 0
0, 32, 1709, 0
0, 33, 1705, 0
0, 34, 1694, 0
0, 35, 1708, 0
0, 36, 1708, 0
0, 37, 1693, 0
0, 38, 1723, 0
0, 39, 1702, 0
0, 40, 1717, 0
0, 41, 1701, 0
0, 42, 1703, 0
0, 43, 1785, 0
0, 44, 1680, 0
0, 45, 1713, 0
0, 46, 1694, 0
0, 47, 1701, 0
0, 48, 1751, 0
0, 49, 1710, 0
0, 50, 2635, 0
0, 51, 2721, 0
0, 52, 3307, 0
0, 53, 1715, 0
0, 54, 3635, 0
0, 55, 1716, 0
0, 56, 1687, 0
0, 57, 1704, 0
0, 58, 2414, 0
0, 59, 1707, 0
0, 60, 1664, 0
0, 0, 0, 1810
51000, 1, 2359, 0
0, 2, 1725, 0
0, 3, 1707, 0
0, 4, 3587, 0
0, 5, 1723, 0
0, 6, 2289, 0
0, 7, 3028, 0
0, 8, 1704, 0
0, 9, 3632, 0
0, 10, 1893, 0
0, 11, 1863, 0
0, 12, 1709, 0
0, 13, 1696, 0
0, 14, 3024, 0
0, 15, 3355, 0
0, 16, 1708, 0
0, 17, 3058, 0
0, 18, 1704, 0
0, 19, 1706, 0
0, 20, 1973, 0
0, 21, 1695, 0
0, 22, 1736, 0
0, 23, 3429, 0
0, 24, 3605, 0
0, 25, 1695, 0
0, 26, 1701, 0
0, 27, 2856, 0
0, 28, 1699, 0
0, 29, 1686, 0
0, 30, 1722, 0
0, 31, 1743, 0
0, 32, 1692, 0
0, 33, 2763, 0
0, 34, 1876, 0
0, 35, 2503, 0
0, 36, 1704, 0
0, 37, 1807, 0
0, 38, 2571, 0
0, 39, 3304, 0
0, 40, 1733, 0
0, 41, 1697, 0
0, 42, 3725, 0
0, 43, 3731, 0
0, 44, 1690, 0
0, 45, 3060, 0
0, 46, 2963, 0
0, 47, 1962, 0
0, 48, 1862, 0
0, 49, 1872, 0
0, 50, 1681, 0
0, 51, 3299, 0
0, 52, 1674, 0
0, 53, 3628, 0
0, 54, 3521, 0
0, 55, 1690, 0
0, 56, 1697, 0
0, 57, 3503, 0
0, 58, 1816, 0
0, 59, 1677, 0
0, 60, 1708, 0
0, 0, 0, 2290
51500, 1, 1721, 0
0, 2, 3143, 0
0, 3, 2941, 0
0, 4, 1722, 0
0, 5, 3015, 0
0, 6, 1713, 0
0, 7, 1716, 0
0, 8, 1697, 0
0, 9, 3223, 0
0, 10, 1731, 0
0, 11, 1710, 0
0, 12, 1784, 0
0, 13, 1691, 0
0, 14, 3684, 0
0, 15, 1693, 0
0, 16, 1703, 0
0, 17, 1946, 0
0, 18, 3036, 0
0, 19, 1713, 0
0, 20, 1720, 0
0, 21, 4143, 0
0, 22, 2647, 0
0, 23, 1699, 0
0, 24, 1711, 0
0, 25, 2885, 0
0, 26, 2731, 0
0, 27, 1748, 0
0, 28, 2799, 0
0, 29, 2013, 0
0, 30, 2509, 0
0, 31, 1685, 0
0, 32, 3647, 0
0, 33, 1845, 0
0, 34, 2103, 0
0, 35, 3098, 0
0, 36, 1801, 0
0, 37, 3019, 0
0, 38, 1901, 0
0, 39, 1889, 0
0, 40, 1699, 0
0, 41, 3625, 0
0, 42, 2839, 0
0, 43, 1680, 0
0, 44, 1699, 0
0, 45, 2879, 0
0, 46, 3253, 0
0, 47, 1708, 0
0, 48, 1774, 0
0, 49, 3683, 0
0, 50, 1761, 0
0, 51, 3772, 0
0, 52, 1886, 0
0, 53, 2361, 0
0, 54, 1702, 0
0, 55, 2189, 0
0, 56, 1749, 0
0, 57, 2955, 0
0, 58, 3728, 0
0, 59, 1786, 0
0, 60, 1700, 0
0, 0, 0, 2326
52000, 1, 1707, 0
0, 2, 2812, 0
0, 3, 1711, 0
0, 4, 1710, 0
0, 5, 2309, 0
0, 6, 2071, 0
0, 7, 1701, 0
0, 8, 2462, 0
0, 9, 1701, 0
0, 10, 1699, 0
0, 11, 1737, 0
0, 12, 1825, 0
0, 13, 1850, 0
0, 14, 1942, 0
0, 15, 1785, 0
0, 16, 2423, 0
0, 17, 1751, 0
0, 18, 1719, 0
0, 19, 1710, 0
0, 20, 3533, 0
0, 21, 1750, 0
0, 22, 1710, 0
0, 23, 1725, 0
0, 24, 1714, 0
0, 25, 2041, 0
0, 26, 2011, 0
0, 27, 1754, 0
0, 28, 3455, 0
0, 29, 3103, 0
0, 30, 1690, 0
0, 31, 1964, 0
0, 32, 1825, 0
0, 33, 3236, 0
0, 34, 3373, 0
0, 35, 1689, 0
0, 36, 2428, 0
0, 37, 1687, 0
0, 38, 2031, 0
0, 39, 3439, 0
0, 40, 1684, 0
0, 41, 2684, 0
0, 42, 1711, 0
0, 43, 3091, 0
0, 44, 1794, 0
0, 45, 1951, 0
0, 46, 1721, 0
0, 47, 1857, 0
0, 48, 2736, 0
0, 49, 2244, 0
0, 50, 2083, 0
0, 51, 1816, 0
0, 52, 1852, 0
0, 53, 1726, 0
0, 54, 1697, 0
0, 55, 3521, 0
0, 56, 1751, 0
0, 57, 1710, 0
0, 58, 1711, 0
0, 59, 1696, 0
0, 60, 1699, 0
0, 0, 0, 2091
52500, 1, 9611, 0
0, 2, 4256, 0
0, 3, 4558, 0
0, 4, 4532, 0
0, 5, 4144, 0
0, 6, 4600, 0
0, 7, 10389, 0
0, 8, 4801, 0
0, 9, 4565, 0
0, 10, 4641, 0
0, 11, 4578, 0
0, 12, 6045, 0
0, 13, 9318, 0
0, 14, 4514, 0
0, 15, 4527, 0
0, 16, 4881, 0
0, 17, 4770, 0
0, 18, 5534, 0
0, 19, 10107, 0
0, 20, 4584, 0
0, 21, 4640, 0
0, 22, 5259, 0
0, 23, 5482, 0
0, 24, 5558, 0
0, 25, 28288, 0
0, 26, 4670, 0
0, 27, 6338, 0
0, 28, 99589, 0
0, 29, 5521, 0
0, 30, 5503, 0
0, 31, 8964, 0
0, 32, 5949, 0
0, 33, 5728, 0
0, 34, 14210, 0
0, 35, 7222, 0
0, 36, 5481, 0
0, 37, 5351, 0
0, 38, 18466, 0
0, 39, 4308, 0
0, 40, 7784, 0
0, 41, 5615, 0
0, 42, 5639, 0
0, 43, 10428, 0
0, 44, 7774, 0
0, 45, 8242, 0
0, 46, 5437, 0
0, 47, 5109, 0
0, 48, 6762, 0
0, 49, 5683, 0
0, 50, 6513, 0
0, 51, 8270, 0
0, 52, 6123, 0
0, 53, 5373, 0
0, 54, 5704, 0
0, 55, 19125, 0
0, 56, 5982, 0
0, 57, 6399, 0
0, 58, 5517, 0
0, 59, 6668, 0
0, 60, 5524, 0
0, 0, 0, 8519
53000, 1, 19157, 0
0, 2, 7117, 0
0, 3, 6936, 0
0, 4, 7522, 0
0, 5, 5518, 0
0, 6, 5462, 0
0, 7, 5041, 0
0, 8, 4637, 0
0, 9, 5595, 0
0, 10, 6008, 0
0, 11, 6139, 0
0, 12, 14031, 0
0, 13, 4244, 0
0, 14, 8012, 0
0, 15, 6168, 0
0, 16, 6035, 0
0, 17, 15888, 0
0, 18, 15971, 0
0, 19, 6253, 0
0, 20, 7938, 0
0, 21, 7594, 0
0, 22, 6308, 0
0, 23, 12044, 0
0, 24, 5742, 0
0, 25, 10322, 0
0, 26, 5789, 0
0, 27, 5834, 0
0, 28, 6289, 0
0, 29, 8318, 0
0, 30, 5754, 0
0, 31, 6075, 0
0, 32, 5661, 0
0, 33, 6252, 0
0, 34, 8259, 0
0, 35, 5236, 0
0, 36, 5358, 0
0, 37, 5701, 0
0, 38, 5364, 0
0, 39, 6043, 0
0, 40, 6931, 0
0, 41, 6818, 0
0, 42, 6817, 0
0, 43, 5570, 0
0, 44, 6084, 0
0, 45, 6973, 0
0, 46, 5482, 0
0, 47, 5156, 0
0, 48, 7864, 0
0, 49, 6706, 0
0, 50, 14288, 0
0, 51, 12988, 0
0, 52, 20178, 0
0, 53, 6860, 0
0, 54, 5346, 0
0, 55, 4291, 0
0, 56, 5560, 0
0, 57, 5933, 0
0, 58, 5739, 0
0, 59, 5715, 0
0, 60, 7335, 0
0, 0, 0, 7504
53500, 1, 5263, 0
0, 2, 7612, 0
0, 3, 6097, 0
0, 4, 7498, 0
0, 5, 5565, 0
0, 6, 6025, 0
0, 7, 8352, 0
0, 8, 4963, 0
0, 9, 5864, 0
0, 10, 4673, 0
0, 11, 10005, 0
0, 12, 10438, 0
0, 13, 4516, 0
0, 14, 4948, 0
0, 15, 7856, 0
0, 16, 9131, 0
0, 17, 5353, 0
0, 18, 7658, 0
0, 19, 5086, 0
0, 20, 7243, 0
0, 21, 6631, 0
0, 22, 8749, 0
0, 23, 8811, 0
0, 24, 8677, 0
0, 25, 6363, 0
0, 26, 4573, 0
0, 27, 4714, 0
0, 28, 6737, 0
0, 29, 4532, 0
0, 30, 6229, 0
0, 31, 5838, 0
0, 32, 5826, 0
0, 33, 9242, 0
0, 34, 20522, 0
0, 35, 7610, 0
0, 36, 6314, 0
0, 37, 6318, 0
0, 38, 6508, 0
0, 39, 5979, 0
0, 40, 4901, 0
0, 41, 6135, 0
0, 42, 5727, 0
0, 43, 7061, 0
0, 44, 7736, 0
0, 45, 7555, 0
0, 46, 6522, 0
0, 47, 6592, 0
0, 48, 6038, 0
0, 49, 7679, 0
0, 50, 5473, 0
0, 51, 5898, 0
0, 52, 5693, 0
0, 53, 10216, 0
0, 54, 9543, 0
0, 55, 6285, 0
0, 56, 5729, 0
0, 57, 5381, 0
0, 58, 5869, 0
0, 59, 6752, 0
0, 60, 18866, 0
0, 0, 0, 7099
