Filter, ID, Time_ms, Average_time
50, 1, 3, 0
0, 2, 3, 0
0, 3, 3, 0
0, 4, 3, 0
0, 5, 3, 0
0, 6, 3, 0
0, 7, 3, 0
0, 8, 3, 0
0, 9, 3, 0
0, 10, 3, 0
0, 11, 3, 0
0, 12, 3, 0
0, 13, 3, 0
0, 14, 3, 0
0, 15, 3, 0
0, 16, 3, 0
0, 17, 3, 0
0, 18, 3, 0
0, 19, 3, 0
0, 20, 3, 0
0, 21, 3, 0
0, 22, 3, 0
0, 23, 3, 0
0, 24, 3, 0
0, 25, 3, 0
0, 26, 3, 0
0, 27, 3, 0
0, 28, 3, 0
0, 29, 3, 0
0, 30, 3, 0
0, 0, 0, 3
100, 1, 6, 0
0, 2, 6, 0
0, 3, 6, 0
0, 4, 6, 0
0, 5, 6, 0
0, 6, 6, 0
0, 7, 6, 0
0, 8, 6, 0
0, 9, 6, 0
0, 10, 6, 0
0, 11, 6, 0
0, 12, 6, 0
0, 13, 6, 0
0, 14, 6, 0
0, 15, 6, 0
0, 16, 6, 0
0, 17, 6, 0
0, 18, 6, 0
0, 19, 6, 0
0, 20, 6, 0
0, 21, 6, 0
0, 22, 6, 0
0, 23, 6, 0
0, 24, 6, 0
0, 25, 6, 0
0, 26, 6, 0
0, 27, 6, 0
0, 28, 6, 0
0, 29, 6, 0
0, 30, 6, 0
0, 0, 0, 6
150, 1, 9, 0
0, 2, 9, 0
0, 3, 9, 0
0, 4, 9, 0
0, 5, 9, 0
0, 6, 9, 0
0, 7, 9, 0
0, 8, 9, 0
0, 9, 9, 0
0, 10, 9, 0
0, 11, 9, 0
0, 12, 9, 0
0, 13, 9, 0
0, 14, 9, 0
0, 15, 9, 0
0, 16, 9, 0
0, 17, 9, 0
0, 18, 9, 0
0, 19, 9, 0
0, 20, 9, 0
0, 21, 9, 0
0, 22, 9, 0
0, 23, 9, 0
0, 24, 9, 0
0, 25, 9, 0
0, 26, 9, 0
0, 27, 9, 0
0, 28, 9, 0
0, 29, 9, 0
0, 30, 9, 0
0, 0, 0, 9
200, 1, 12, 0
0, 2, 12, 0
0, 3, 12, 0
0, 4, 12, 0
0, 5, 12, 0
0, 6, 12, 0
0, 7, 12, 0
0, 8, 12, 0
0, 9, 12, 0
0, 10, 12, 0
0, 11, 12, 0
0, 12, 12, 0
0, 13, 12, 0
0, 14, 12, 0
0, 15, 12, 0
0, 16, 12, 0
0, 17, 12, 0
0, 18, 12, 0
0, 19, 12, 0
0, 20, 12, 0
0, 21, 12, 0
0, 22, 12, 0
0, 23, 12, 0
0, 24, 12, 0
0, 25, 12, 0
0, 26, 12, 0
0, 27, 12, 0
0, 28, 12, 0
0, 29, 12, 0
0, 30, 12, 0
0, 0, 0, 12
250, 1, 15, 0
0, 2, 15, 0
0, 3, 15, 0
0, 4, 15, 0
0, 5, 16, 0
0, 6, 16, 0
0, 7, 15, 0
0, 8, 15, 0
0, 9, 15, 0
0, 10, 15, 0
0, 11, 15, 0
0, 12, 15, 0
0, 13, 15, 0
0, 14, 15, 0
0, 15, 15, 0
0, 16, 15, 0
0, 17, 15, 0
0, 18, 15, 0
0, 19, 15, 0
0, 20, 15, 0
0, 21, 15, 0
0, 22, 15, 0
0, 23, 15, 0
0, 24, 15, 0
0, 25, 15, 0
0, 26, 15, 0
0, 27, 15, 0
0, 28, 15, 0
0, 29, 15, 0
0, 30, 15, 0
0, 0, 0, 15
300, 1, 18, 0
0, 2, 18, 0
0, 3, 18, 0
0, 4, 18, 0
0, 5, 18, 0
0, 6, 18, 0
0, 7, 18, 0
0, 8, 18, 0
0, 9, 18, 0
0, 10, 18, 0
0, 11, 18, 0
0, 12, 18, 0
0, 13, 18, 0
0, 14, 18, 0
0, 15, 18, 0
0, 16, 18, 0
0, 17, 18, 0
0, 18, 18, 0
0, 19, 18, 0
0, 20, 18, 0
0, 21, 18, 0
0, 22, 18, 0
0, 23, 18, 0
0, 24, 18, 0
0, 25, 18, 0
0, 26, 18, 0
0, 27, 18, 0
0, 28, 18, 0
0, 29, 18, 0
0, 30, 18, 0
0, 0, 0, 18
350, 1, 21, 0
0, 2, 21, 0
0, 3, 21, 0
0, 4, 21, 0
0, 5, 21, 0
0, 6, 21, 0
0, 7, 21, 0
0, 8, 21, 0
0, 9, 21, 0
0, 10, 21, 0
0, 11, 21, 0
0, 12, 21, 0
0, 13, 21, 0
0, 14, 21, 0
0, 15, 21, 0
0, 16, 21, 0
0, 17, 21, 0
0, 18, 21, 0
0, 19, 21, 0
0, 20, 21, 0
0, 21, 21, 0
0, 22, 21, 0
0, 23, 21, 0
0, 24, 21, 0
0, 25, 21, 0
0, 26, 21, 0
0, 27, 21, 0
0, 28, 21, 0
0, 29, 21, 0
0, 30, 21, 0
0, 0, 0, 21
400, 1, 24, 0
0, 2, 24, 0
0, 3, 24, 0
0, 4, 24, 0
0, 5, 24, 0
0, 6, 24, 0
0, 7, 24, 0
0, 8, 24, 0
0, 9, 24, 0
0, 10, 24, 0
0, 11, 24, 0
0, 12, 24, 0
0, 13, 24, 0
0, 14, 24, 0
0, 15, 24, 0
0, 16, 24, 0
0, 17, 24, 0
0, 18, 24, 0
0, 19, 24, 0
0, 20, 24, 0
0, 21, 24, 0
0, 22, 24, 0
0, 23, 24, 0
0, 24, 24, 0
0, 25, 24, 0
0, 26, 24, 0
0, 27, 24, 0
0, 28, 24, 0
0, 29, 24, 0
0, 30, 24, 0
0, 0, 0, 24
450, 1, 27, 0
0, 2, 27, 0
0, 3, 27, 0
0, 4, 27, 0
0, 5, 27, 0
0, 6, 27, 0
0, 7, 27, 0
0, 8, 27, 0
0, 9, 27, 0
0, 10, 27, 0
0, 11, 27, 0
0, 12, 28, 0
0, 13, 27, 0
0, 14, 27, 0
0, 15, 27, 0
0, 16, 27, 0
0, 17, 27, 0
0, 18, 27, 0
0, 19, 27, 0
0, 20, 27, 0
0, 21, 27, 0
0, 22, 27, 0
0, 23, 27, 0
0, 24, 27, 0
0, 25, 27, 0
0, 26, 27, 0
0, 27, 29, 0
0, 28, 28, 0
0, 29, 27, 0
0, 30, 27, 0
0, 0, 0, 27
500, 1, 30, 0
0, 2, 30, 0
0, 3, 30, 0
0, 4, 30, 0
0, 5, 30, 0
0, 6, 30, 0
0, 7, 30, 0
0, 8, 31, 0
0, 9, 30, 0
0, 10, 30, 0
0, 11, 30, 0
0, 12, 30, 0
0, 13, 30, 0
0, 14, 30, 0
0, 15, 30, 0
0, 16, 30, 0
0, 17, 30, 0
0, 18, 30, 0
0, 19, 30, 0
0, 20, 30, 0
0, 21, 30, 0
0, 22, 30, 0
0, 23, 30, 0
0, 24, 30, 0
0, 25, 30, 0
0, 26, 30, 0
0, 27, 30, 0
0, 28, 30, 0
0, 29, 30, 0
0, 30, 30, 0
0, 0, 0, 30
550, 1, 34, 0
0, 2, 33, 0
0, 3, 33, 0
0, 4, 33, 0
0, 5, 33, 0
0, 6, 33, 0
0, 7, 33, 0
0, 8, 34, 0
0, 9, 33, 0
0, 10, 33, 0
0, 11, 33, 0
0, 12, 33, 0
0, 13, 33, 0
0, 14, 33, 0
0, 15, 33, 0
0, 16, 33, 0
0, 17, 33, 0
0, 18, 33, 0
0, 19, 33, 0
0, 20, 33, 0
0, 21, 33, 0
0, 22, 33, 0
0, 23, 33, 0
0, 24, 33, 0
0, 25, 33, 0
0, 26, 33, 0
0, 27, 34, 0
0, 28, 33, 0
0, 29, 33, 0
0, 30, 33, 0
0, 0, 0, 33
600, 1, 36, 0
0, 2, 36, 0
0, 3, 36, 0
0, 4, 36, 0
0, 5, 36, 0
0, 6, 37, 0
0, 7, 37, 0
0, 8, 36, 0
0, 9, 36, 0
0, 10, 36, 0
0, 11, 37, 0
0, 12, 36, 0
0, 13, 36, 0
0, 14, 36, 0
0, 15, 37, 0
0, 16, 36, 0
0, 17, 36, 0
0, 18, 36, 0
0, 19, 36, 0
0, 20, 36, 0
0, 21, 37, 0
0, 22, 36, 0
0, 23, 36, 0
0, 24, 36, 0
0, 25, 36, 0
0, 26, 36, 0
0, 27, 36, 0
0, 28, 36, 0
0, 29, 36, 0
0, 30, 36, 0
0, 0, 0, 36
650, 1, 39, 0
0, 2, 39, 0
0, 3, 40, 0
0, 4, 40, 0
0, 5, 39, 0
0, 6, 39, 0
0, 7, 39, 0
0, 8, 39, 0
0, 9, 40, 0
0, 10, 39, 0
0, 11, 39, 0
0, 12, 39, 0
0, 13, 39, 0
0, 14, 39, 0
0, 15, 39, 0
0, 16, 39, 0
0, 17, 39, 0
0, 18, 39, 0
0, 19, 39, 0
0, 20, 39, 0
0, 21, 39, 0
0, 22, 39, 0
0, 23, 39, 0
0, 24, 39, 0
0, 25, 39, 0
0, 26, 39, 0
0, 27, 39, 0
0, 28, 39, 0
0, 29, 39, 0
0, 30, 39, 0
0, 0, 0, 39
700, 1, 42, 0
0, 2, 42, 0
0, 3, 43, 0
0, 4, 42, 0
0, 5, 42, 0
0, 6, 43, 0
0, 7, 43, 0
0, 8, 42, 0
0, 9, 43, 0
0, 10, 42, 0
0, 11, 42, 0
0, 12, 43, 0
0, 13, 42, 0
0, 14, 42, 0
0, 15, 43, 0
0, 16, 45, 0
0, 17, 44, 0
0, 18, 42, 0
0, 19, 42, 0
0, 20, 42, 0
0, 21, 43, 0
0, 22, 42, 0
0, 23, 42, 0
0, 24, 42, 0
0, 25, 42, 0
0, 26, 42, 0
0, 27, 42, 0
0, 28, 42, 0
0, 29, 43, 0
0, 30, 42, 0
0, 0, 0, 42
750, 1, 45, 0
0, 2, 46, 0
0, 3, 45, 0
0, 4, 45, 0
0, 5, 45, 0
0, 6, 46, 0
0, 7, 45, 0
0, 8, 45, 0
0, 9, 47, 0
0, 10, 46, 0
0, 11, 46, 0
0, 12, 45, 0
0, 13, 45, 0
0, 14, 45, 0
0, 15, 46, 0
0, 16, 45, 0
0, 17, 45, 0
0, 18, 45, 0
0, 19, 45, 0
0, 20, 46, 0
0, 21, 46, 0
0, 22, 45, 0
0, 23, 46, 0
0, 24, 45, 0
0, 25, 46, 0
0, 26, 45, 0
0, 27, 46, 0
0, 28, 46, 0
0, 29, 46, 0
0, 30, 46, 0
0, 0, 0, 45
800, 1, 48, 0
0, 2, 49, 0
0, 3, 48, 0
0, 4, 48, 0
0, 5, 48, 0
0, 6, 52, 0
0, 7, 49, 0
0, 8, 49, 0
0, 9, 49, 0
0, 10, 48, 0
0, 11, 48, 0
0, 12, 48, 0
0, 13, 48, 0
0, 14, 48, 0
0, 15, 49, 0
0, 16, 48, 0
0, 17, 48, 0
0, 18, 48, 0
0, 19, 48, 0
0, 20, 48, 0
0, 21, 49, 0
0, 22, 48, 0
0, 23, 48, 0
0, 24, 48, 0
0, 25, 48, 0
0, 26, 48, 0
0, 27, 49, 0
0, 28, 48, 0
0, 29, 48, 0
0, 30, 48, 0
0, 0, 0, 48
850, 1, 51, 0
0, 2, 51, 0
0, 3, 51, 0
0, 4, 52, 0
0, 5, 52, 0
0, 6, 52, 0
0, 7, 52, 0
0, 8, 52, 0
0, 9, 52, 0
0, 10, 52, 0
0, 11, 52, 0
0, 12, 51, 0
0, 13, 52, 0
0, 14, 52, 0
0, 15, 52, 0
0, 16, 52, 0
0, 17, 52, 0
0, 18, 52, 0
0, 19, 51, 0
0, 20, 51, 0
0, 21, 52, 0
0, 22, 52, 0
0, 23, 52, 0
0, 24, 52, 0
0, 25, 52, 0
0, 26, 51, 0
0, 27, 52, 0
0, 28, 52, 0
0, 29, 52, 0
0, 30, 54, 0
0, 0, 0, 51
900, 1, 54, 0
0, 2, 55, 0
0, 3, 55, 0
0, 4, 55, 0
0, 5, 55, 0
0, 6, 54, 0
0, 7, 55, 0
0, 8, 55, 0
0, 9, 55, 0
0, 10, 54, 0
0, 11, 55, 0
0, 12, 55, 0
0, 13, 55, 0
0, 14, 54, 0
0, 15, 55, 0
0, 16, 55, 0
0, 17, 55, 0
0, 18, 57, 0
0, 19, 55, 0
0, 20, 55, 0
0, 21, 55, 0
0, 22, 54, 0
0, 23, 55, 0
0, 24, 55, 0
0, 25, 55, 0
0, 26, 55, 0
0, 27, 54, 0
0, 28, 54, 0
0, 29, 54, 0
0, 30, 54, 0
0, 0, 0, 54
950, 1, 57, 0
0, 2, 58, 0
0, 3, 57, 0
0, 4, 58, 0
0, 5, 58, 0
0, 6, 58, 0
0, 7, 58, 0
0, 8, 58, 0
0, 9, 58, 0
0, 10, 57, 0
0, 11, 58, 0
0, 12, 60, 0
0, 13, 57, 0
0, 14, 58, 0
0, 15, 58, 0
0, 16, 58, 0
0, 17, 57, 0
0, 18, 58, 0
0, 19, 57, 0
0, 20, 58, 0
0, 21, 58, 0
0, 22, 57, 0
0, 23, 57, 0
0, 24, 58, 0
0, 25, 58, 0
0, 26, 58, 0
0, 27, 57, 0
0, 28, 57, 0
0, 29, 58, 0
0, 30, 58, 0
0, 0, 0, 57
1000, 1, 60, 0
0, 2, 61, 0
0, 3, 61, 0
0, 4, 61, 0
0, 5, 60, 0
0, 6, 61, 0
0, 7, 61, 0
0, 8, 61, 0
0, 9, 60, 0
0, 10, 61, 0
0, 11, 60, 0
0, 12, 61, 0
0, 13, 61, 0
0, 14, 60, 0
0, 15, 60, 0
0, 16, 60, 0
0, 17, 61, 0
0, 18, 61, 0
0, 19, 61, 0
0, 20, 61, 0
0, 21, 61, 0
0, 22, 61, 0
0, 23, 61, 0
0, 24, 61, 0
0, 25, 61, 0
0, 26, 63, 0
0, 27, 61, 0
0, 28, 61, 0
0, 29, 61, 0
0, 30, 61, 0
0, 0, 0, 60
1050, 1, 63, 0
0, 2, 64, 0
0, 3, 64, 0
0, 4, 64, 0
0, 5, 64, 0
0, 6, 64, 0
0, 7, 64, 0
0, 8, 64, 0
0, 9, 63, 0
0, 10, 65, 0
0, 11, 64, 0
0, 12, 64, 0
0, 13, 64, 0
0, 14, 64, 0
0, 15, 64, 0
0, 16, 64, 0
0, 17, 64, 0
0, 18, 64, 0
0, 19, 64, 0
0, 20, 64, 0
0, 21, 64, 0
0, 22, 64, 0
0, 23, 64, 0
0, 24, 64, 0
0, 25, 64, 0
0, 26, 64, 0
0, 27, 64, 0
0, 28, 64, 0
0, 29, 64, 0
0, 30, 63, 0
0, 0, 0, 63
1100, 1, 66, 0
0, 2, 67, 0
0, 3, 68, 0
0, 4, 68, 0
0, 5, 67, 0
0, 6, 67, 0
0, 7, 67, 0
0, 8, 67, 0
0, 9, 67, 0
0, 10, 67, 0
0, 11, 67, 0
0, 12, 67, 0
0, 13, 67, 0
0, 14, 67, 0
0, 15, 67, 0
0, 16, 67, 0
0, 17, 67, 0
0, 18, 67, 0
0, 19, 67, 0
0, 20, 67, 0
0, 21, 67, 0
0, 22, 67, 0
0, 23, 67, 0
0, 24, 67, 0
0, 25, 67, 0
0, 26, 67, 0
0, 27, 67, 0
0, 28, 67, 0
0, 29, 67, 0
0, 30, 67, 0
0, 0, 0, 67
1150, 1, 69, 0
0, 2, 70, 0
0, 3, 70, 0
0, 4, 70, 0
0, 5, 70, 0
0, 6, 70, 0
0, 7, 70, 0
0, 8, 70, 0
0, 9, 70, 0
0, 10, 70, 0
0, 11, 71, 0
0, 12, 72, 0
0, 13, 70, 0
0, 14, 70, 0
0, 15, 70, 0
0, 16, 70, 0
0, 17, 69, 0
0, 18, 70, 0
0, 19, 70, 0
0, 20, 70, 0
0, 21, 70, 0
0, 22, 70, 0
0, 23, 70, 0
0, 24, 70, 0
0, 25, 70, 0
0, 26, 70, 0
0, 27, 70, 0
0, 28, 70, 0
0, 29, 70, 0
0, 30, 70, 0
0, 0, 0, 70
1200, 1, 72, 0
0, 2, 73, 0
0, 3, 73, 0
0, 4, 73, 0
0, 5, 73, 0
0, 6, 73, 0
0, 7, 73, 0
0, 8, 72, 0
0, 9, 73, 0
0, 10, 73, 0
0, 11, 74, 0
0, 12, 73, 0
0, 13, 73, 0
0, 14, 73, 0
0, 15, 73, 0
0, 16, 74, 0
0, 17, 73, 0
0, 18, 73, 0
0, 19, 73, 0
0, 20, 73, 0
0, 21, 73, 0
0, 22, 73, 0
0, 23, 73, 0
0, 24, 73, 0
0, 25, 73, 0
0, 26, 73, 0
0, 27, 73, 0
0, 28, 73, 0
0, 29, 73, 0
0, 30, 73, 0
0, 0, 0, 73
1250, 1, 75, 0
0, 2, 75, 0
0, 3, 76, 0
0, 4, 76, 0
0, 5, 76, 0
0, 6, 76, 0
0, 7, 76, 0
0, 8, 76, 0
0, 9, 76, 0
0, 10, 76, 0
0, 11, 76, 0
0, 12, 76, 0
0, 13, 76, 0
0, 14, 76, 0
0, 15, 76, 0
0, 16, 76, 0
0, 17, 76, 0
0, 18, 76, 0
0, 19, 77, 0
0, 20, 78, 0
0, 21, 76, 0
0, 22, 76, 0
0, 23, 76, 0
0, 24, 76, 0
0, 25, 76, 0
0, 26, 76, 0
0, 27, 76, 0
0, 28, 76, 0
0, 29, 76, 0
0, 30, 76, 0
0, 0, 0, 76
1300, 1, 79, 0
0, 2, 79, 0
0, 3, 79, 0
0, 4, 79, 0
0, 5, 79, 0
0, 6, 79, 0
0, 7, 79, 0
0, 8, 79, 0
0, 9, 79, 0
0, 10, 79, 0
0, 11, 79, 0
0, 12, 79, 0
0, 13, 79, 0
0, 14, 79, 0
0, 15, 79, 0
0, 16, 79, 0
0, 17, 79, 0
0, 18, 79, 0
0, 19, 79, 0
0, 20, 79, 0
0, 21, 79, 0
0, 22, 81, 0
0, 23, 79, 0
0, 24, 79, 0
0, 25, 78, 0
0, 26, 79, 0
0, 27, 79, 0
0, 28, 79, 0
0, 29, 79, 0
0, 30, 79, 0
0, 0, 0, 79
1350, 1, 82, 0
0, 2, 82, 0
0, 3, 82, 0
0, 4, 82, 0
0, 5, 82, 0
0, 6, 82, 0
0, 7, 82, 0
0, 8, 82, 0
0, 9, 82, 0
0, 10, 82, 0
0, 11, 82, 0
0, 12, 82, 0
0, 13, 82, 0
0, 14, 82, 0
0, 15, 82, 0
0, 16, 82, 0
0, 17, 82, 0
0, 18, 82, 0
0, 19, 82, 0
0, 20, 82, 0
0, 21, 82, 0
0, 22, 84, 0
0, 23, 83, 0
0, 24, 82, 0
0, 25, 82, 0
0, 26, 82, 0
0, 27, 82, 0
0, 28, 82, 0
0, 29, 82, 0
0, 30, 82, 0
0, 0, 0, 82
1400, 1, 85, 0
0, 2, 85, 0
0, 3, 85, 0
0, 4, 85, 0
0, 5, 86, 0
0, 6, 85, 0
0, 7, 85, 0
0, 8, 85, 0
0, 9, 85, 0
0, 10, 85, 0
0, 11, 85, 0
0, 12, 85, 0
0, 13, 85, 0
0, 14, 85, 0
0, 15, 85, 0
0, 16, 85, 0
0, 17, 85, 0
0, 18, 85, 0
0, 19, 85, 0
0, 20, 85, 0
0, 21, 85, 0
0, 22, 85, 0
0, 23, 87, 0
0, 24, 85, 0
0, 25, 87, 0
0, 26, 85, 0
0, 27, 85, 0
0, 28, 85, 0
0, 29, 85, 0
0, 30, 85, 0
0, 0, 0, 85
1450, 1, 88, 0
0, 2, 88, 0
0, 3, 88, 0
0, 4, 88, 0
0, 5, 88, 0
0, 6, 88, 0
0, 7, 88, 0
0, 8, 88, 0
0, 9, 88, 0
0, 10, 88, 0
0, 11, 88, 0
0, 12, 89, 0
0, 13, 88, 0
0, 14, 88, 0
0, 15, 88, 0
0, 16, 88, 0
0, 17, 88, 0
0, 18, 89, 0
0, 19, 88, 0
0, 20, 90, 0
0, 21, 89, 0
0, 22, 88, 0
0, 23, 88, 0
0, 24, 88, 0
0, 25, 88, 0
0, 26, 88, 0
0, 27, 88, 0
0, 28, 88, 0
0, 29, 88, 0
0, 30, 88, 0
0, 0, 0, 88
1500, 1, 91, 0
0, 2, 91, 0
0, 3, 91, 0
0, 4, 91, 0
0, 5, 91, 0
0, 6, 91, 0
0, 7, 91, 0
0, 8, 91, 0
0, 9, 91, 0
0, 10, 91, 0
0, 11, 91, 0
0, 12, 91, 0
0, 13, 91, 0
0, 14, 91, 0
0, 15, 91, 0
0, 16, 91, 0
0, 17, 91, 0
0, 18, 91, 0
0, 19, 92, 0
0, 20, 93, 0
0, 21, 91, 0
0, 22, 91, 0
0, 23, 91, 0
0, 24, 91, 0
0, 25, 91, 0
0, 26, 91, 0
0, 27, 91, 0
0, 28, 91, 0
0, 29, 91, 0
0, 30, 91, 0
0, 0, 0, 91
1550, 1, 94, 0
0, 2, 94, 0
0, 3, 94, 0
0, 4, 94, 0
0, 5, 94, 0
0, 6, 94, 0
0, 7, 94, 0
0, 8, 94, 0
0, 9, 94, 0
0, 10, 94, 0
0, 11, 94, 0
0, 12, 94, 0
0, 13, 94, 0
0, 14, 95, 0
0, 15, 96, 0
0, 16, 94, 0
0, 17, 94, 0
0, 18, 94, 0
0, 19, 94, 0
0, 20, 94, 0
0, 21, 94, 0
0, 22, 94, 0
0, 23, 94, 0
0, 24, 94, 0
0, 25, 94, 0
0, 26, 94, 0
0, 27, 94, 0
0, 28, 94, 0
0, 29, 96, 0
0, 30, 94, 0
0, 0, 0, 94
1600, 1, 96, 0
0, 2, 97, 0
0, 3, 97, 0
0, 4, 97, 0
0, 5, 97, 0
0, 6, 97, 0
0, 7, 97, 0
0, 8, 97, 0
0, 9, 97, 0
0, 10, 97, 0
0, 11, 97, 0
0, 12, 97, 0
0, 13, 99, 0
0, 14, 98, 0
0, 15, 97, 0
0, 16, 97, 0
0, 17, 97, 0
0, 18, 97, 0
0, 19, 97, 0
0, 20, 97, 0
0, 21, 97, 0
0, 22, 97, 0
0, 23, 97, 0
0, 24, 97, 0
0, 25, 97, 0
0, 26, 97, 0
0, 27, 97, 0
0, 28, 97, 0
0, 29, 97, 0
0, 30, 97, 0
0, 0, 0, 97
1650, 1, 100, 0
0, 2, 100, 0
0, 3, 100, 0
0, 4, 100, 0
0, 5, 100, 0
0, 6, 102, 0
0, 7, 100, 0
0, 8, 100, 0
0, 9, 100, 0
0, 10, 100, 0
0, 11, 100, 0
0, 12, 100, 0
0, 13, 100, 0
0, 14, 101, 0
0, 15, 100, 0
0, 16, 100, 0
0, 17, 100, 0
0, 18, 100, 0
0, 19, 100, 0
0, 20, 100, 0
0, 21, 100, 0
0, 22, 100, 0
0, 23, 100, 0
0, 24, 100, 0
0, 25, 100, 0
0, 26, 100, 0
0, 27, 100, 0
0, 28, 100, 0
0, 29, 100, 0
0, 30, 101, 0
0, 0, 0, 100
1700, 1, 104, 0
0, 2, 103, 0
0, 3, 103, 0
0, 4, 105, 0
0, 5, 103, 0
0, 6, 103, 0
0, 7, 103, 0
0, 8, 103, 0
0, 9, 103, 0
0, 10, 103, 0
0, 11, 103, 0
0, 12, 103, 0
0, 13, 103, 0
0, 14, 103, 0
0, 15, 103, 0
0, 16, 103, 0
0, 17, 103, 0
0, 18, 103, 0
0, 19, 103, 0
0, 20, 103, 0
0, 21, 103, 0
0, 22, 103, 0
0, 23, 103, 0
0, 24, 104, 0
0, 25, 105, 0
0, 26, 103, 0
0, 27, 103, 0
0, 28, 103, 0
0, 29, 103, 0
0, 30, 103, 0
0, 0, 0, 103
1750, 1, 105, 0
0, 2, 106, 0
0, 3, 106, 0
0, 4, 106, 0
0, 5, 107, 0
0, 6, 107, 0
0, 7, 106, 0
0, 8, 107, 0
0, 9, 106, 0
0, 10, 106, 0
0, 11, 106, 0
0, 12, 106, 0
0, 13, 106, 0
0, 14, 106, 0
0, 15, 107, 0
0, 16, 106, 0
0, 17, 106, 0
0, 18, 106, 0
0, 19, 106, 0
0, 20, 106, 0
0, 21, 106, 0
0, 22, 109, 0
0, 23, 106, 0
0, 24, 106, 0
0, 25, 107, 0
0, 26, 106, 0
0, 27, 106, 0
0, 28, 106, 0
0, 29, 106, 0
0, 30, 107, 0
0, 0, 0, 106
1800, 1, 109, 0
0, 2, 109, 0
0, 3, 110, 0
0, 4, 109, 0
0, 5, 109, 0
0, 6, 109, 0
0, 7, 109, 0
0, 8, 110, 0
0, 9, 109, 0
0, 10, 110, 0
0, 11, 129, 0
0, 12, 107, 0
0, 13, 109, 0
0, 14, 109, 0
0, 15, 109, 0
0, 16, 109, 0
0, 17, 109, 0
0, 18, 109, 0
0, 19, 109, 0
0, 20, 109, 0
0, 21, 110, 0
0, 22, 110, 0
0, 23, 109, 0
0, 24, 109, 0
0, 25, 109, 0
0, 26, 109, 0
0, 27, 109, 0
0, 28, 110, 0
0, 29, 109, 0
0, 30, 110, 0
0, 0, 0, 109
1850, 1, 112, 0
0, 2, 112, 0
0, 3, 112, 0
0, 4, 113, 0
0, 5, 113, 0
0, 6, 113, 0
0, 7, 112, 0
0, 8, 115, 0
0, 9, 113, 0
0, 10, 112, 0
0, 11, 112, 0
0, 12, 112, 0
0, 13, 112, 0
0, 14, 112, 0
0, 15, 113, 0
0, 16, 112, 0
0, 17, 112, 0
0, 18, 113, 0
0, 19, 113, 0
0, 20, 113, 0
0, 21, 114, 0
0, 22, 113, 0
0, 23, 112, 0
0, 24, 113, 0
0, 25, 113, 0
0, 26, 116, 0
0, 27, 112, 0
0, 28, 112, 0
0, 29, 112, 0
0, 30, 112, 0
0, 0, 0, 112
1900, 1, 115, 0
0, 2, 115, 0
0, 3, 115, 0
0, 4, 115, 0
0, 5, 115, 0
0, 6, 115, 0
0, 7, 115, 0
0, 8, 115, 0
0, 9, 115, 0
0, 10, 115, 0
0, 11, 116, 0
0, 12, 115, 0
0, 13, 115, 0
0, 14, 115, 0
0, 15, 116, 0
0, 16, 116, 0
0, 17, 116, 0
0, 18, 116, 0
0, 19, 116, 0
0, 20, 116, 0
0, 21, 115, 0
0, 22, 117, 0
0, 23, 116, 0
0, 24, 115, 0
0, 25, 115, 0
0, 26, 116, 0
0, 27, 116, 0
0, 28, 115, 0
0, 29, 115, 0
0, 30, 115, 0
0, 0, 0, 115
1950, 1, 118, 0
0, 2, 118, 0
0, 3, 118, 0
0, 4, 118, 0
0, 5, 118, 0
0, 6, 118, 0
0, 7, 118, 0
0, 8, 118, 0
0, 9, 121, 0
0, 10, 119, 0
0, 11, 118, 0
0, 12, 118, 0
0, 13, 118, 0
0, 14, 118, 0
0, 15, 118, 0
0, 16, 118, 0
0, 17, 118, 0
0, 18, 118, 0
0, 19, 118, 0
0, 20, 118, 0
0, 21, 118, 0
0, 22, 119, 0
0, 23, 118, 0
0, 24, 119, 0
0, 25, 120, 0
0, 26, 118, 0
0, 27, 118, 0
0, 28, 118, 0
0, 29, 119, 0
0, 30, 118, 0
0, 0, 0, 118
2000, 1, 121, 0
0, 2, 121, 0
0, 3, 121, 0
0, 4, 121, 0
0, 5, 123, 0
0, 6, 121, 0
0, 7, 122, 0
0, 8, 122, 0
0, 9, 122, 0
0, 10, 122, 0
0, 11, 122, 0
0, 12, 122, 0
0, 13, 122, 0
0, 14, 121, 0
0, 15, 121, 0
0, 16, 121, 0
0, 17, 121, 0
0, 18, 122, 0
0, 19, 121, 0
0, 20, 122, 0
0, 21, 123, 0
0, 22, 121, 0
0, 23, 121, 0
0, 24, 121, 0
0, 25, 122, 0
0, 26, 121, 0
0, 27, 121, 0
0, 28, 121, 0
0, 29, 122, 0
0, 30, 121, 0
0, 0, 0, 121
2050, 1, 124, 0
0, 2, 124, 0
0, 3, 124, 0
0, 4, 124, 0
0, 5, 124, 0
0, 6, 124, 0
0, 7, 124, 0
0, 8, 124, 0
0, 9, 124, 0
0, 10, 125, 0
0, 11, 124, 0
0, 12, 124, 0
0, 13, 125, 0
0, 14, 124, 0
0, 15, 124, 0
0, 16, 127, 0
0, 17, 124, 0
0, 18, 124, 0
0, 19, 124, 0
0, 20, 125, 0
0, 21, 124, 0
0, 22, 124, 0
0, 23, 124, 0
0, 24, 124, 0
0, 25, 124, 0
0, 26, 124, 0
0, 27, 124, 0
0, 28, 124, 0
0, 29, 125, 0
0, 30, 125, 0
0, 0, 0, 124
2100, 1, 129, 0
0, 2, 128, 0
0, 3, 128, 0
0, 4, 127, 0
0, 5, 128, 0
0, 6, 128, 0
0, 7, 127, 0
0, 8, 127, 0
0, 9, 128, 0
0, 10, 127, 0
0, 11, 127, 0
0, 12, 127, 0
0, 13, 127, 0
0, 14, 127, 0
0, 15, 127, 0
0, 16, 128, 0
0, 17, 127, 0
0, 18, 127, 0
0, 19, 127, 0
0, 20, 127, 0
0, 21, 128, 0
0, 22, 128, 0
0, 23, 128, 0
0, 24, 128, 0
0, 25, 128, 0
0, 26, 130, 0
0, 27, 127, 0
0, 28, 127, 0
0, 29, 128, 0
0, 30, 127, 0
0, 0, 0, 127
2150, 1, 130, 0
0, 2, 131, 0
0, 3, 130, 0
0, 4, 131, 0
0, 5, 131, 0
0, 6, 131, 0
0, 7, 131, 0
0, 8, 131, 0
0, 9, 132, 0
0, 10, 132, 0
0, 11, 131, 0
0, 12, 131, 0
0, 13, 131, 0
0, 14, 131, 0
0, 15, 131, 0
0, 16, 131, 0
0, 17, 131, 0
0, 18, 131, 0
0, 19, 130, 0
0, 20, 131, 0
0, 21, 130, 0
0, 22, 130, 0
0, 23, 130, 0
0, 24, 131, 0
0, 25, 131, 0
0, 26, 130, 0
0, 27, 130, 0
0, 28, 130, 0
0, 29, 131, 0
0, 30, 130, 0
0, 0, 0, 130
2200, 1, 133, 0
0, 2, 134, 0
0, 3, 133, 0
0, 4, 134, 0
0, 5, 136, 0
0, 6, 134, 0
0, 7, 133, 0
0, 8, 134, 0
0, 9, 133, 0
0, 10, 133, 0
0, 11, 133, 0
0, 12, 134, 0
0, 13, 133, 0
0, 14, 133, 0
0, 15, 134, 0
0, 16, 133, 0
0, 17, 137, 0
0, 18, 133, 0
0, 19, 133, 0
0, 20, 133, 0
0, 21, 133, 0
0, 22, 133, 0
0, 23, 133, 0
0, 24, 134, 0
0, 25, 134, 0
0, 26, 133, 0
0, 27, 133, 0
0, 28, 133, 0
0, 29, 133, 0
0, 30, 133, 0
0, 0, 0, 133
2250, 1, 136, 0
0, 2, 137, 0
0, 3, 136, 0
0, 4, 137, 0
0, 5, 136, 0
0, 6, 137, 0
0, 7, 137, 0
0, 8, 136, 0
0, 9, 137, 0
0, 10, 137, 0
0, 11, 137, 0
0, 12, 141, 0
0, 13, 137, 0
0, 14, 137, 0
0, 15, 137, 0
0, 16, 136, 0
0, 17, 136, 0
0, 18, 137, 0
0, 19, 137, 0
0, 20, 137, 0
0, 21, 136, 0
0, 22, 137, 0
0, 23, 137, 0
0, 24, 139, 0
0, 25, 137, 0
0, 26, 137, 0
0, 27, 137, 0
0, 28, 136, 0
0, 29, 137, 0
0, 30, 137, 0
0, 0, 0, 136
2300, 1, 139, 0
0, 2, 140, 0
0, 3, 140, 0
0, 4, 140, 0
0, 5, 140, 0
0, 6, 140, 0
0, 7, 140, 0
0, 8, 140, 0
0, 9, 140, 0
0, 10, 139, 0
0, 11, 140, 0
0, 12, 140, 0
0, 13, 140, 0
0, 14, 140, 0
0, 15, 140, 0
0, 16, 140, 0
0, 17, 140, 0
0, 18, 140, 0
0, 19, 142, 0
0, 20, 140, 0
0, 21, 140, 0
0, 22, 140, 0
0, 23, 140, 0
0, 24, 140, 0
0, 25, 140, 0
0, 26, 140, 0
0, 27, 140, 0
0, 28, 140, 0
0, 29, 141, 0
0, 30, 143, 0
0, 0, 0, 140
2350, 1, 142, 0
0, 2, 143, 0
0, 3, 143, 0
0, 4, 143, 0
0, 5, 143, 0
0, 6, 143, 0
0, 7, 143, 0
0, 8, 143, 0
0, 9, 143, 0
0, 10, 143, 0
0, 11, 143, 0
0, 12, 143, 0
0, 13, 143, 0
0, 14, 143, 0
0, 15, 143, 0
0, 16, 143, 0
0, 17, 143, 0
0, 18, 143, 0
0, 19, 143, 0
0, 20, 143, 0
0, 21, 143, 0
0, 22, 143, 0
0, 23, 143, 0
0, 24, 145, 0
0, 25, 143, 0
0, 26, 143, 0
0, 27, 143, 0
0, 28, 143, 0
0, 29, 143, 0
0, 30, 143, 0
0, 0, 0, 143
2400, 1, 145, 0
0, 2, 146, 0
0, 3, 146, 0
0, 4, 148, 0
0, 5, 146, 0
0, 6, 146, 0
0, 7, 146, 0
0, 8, 146, 0
0, 9, 146, 0
0, 10, 146, 0
0, 11, 146, 0
0, 12, 146, 0
0, 13, 146, 0
0, 14, 146, 0
0, 15, 146, 0
0, 16, 146, 0
0, 17, 146, 0
0, 18, 146, 0
0, 19, 146, 0
0, 20, 146, 0
0, 21, 146, 0
0, 22, 146, 0
0, 23, 146, 0
0, 24, 146, 0
0, 25, 146, 0
0, 26, 147, 0
0, 27, 146, 0
0, 28, 146, 0
0, 29, 148, 0
0, 30, 146, 0
0, 0, 0, 146
2450, 1, 149, 0
0, 2, 149, 0
0, 3, 149, 0
0, 4, 149, 0
0, 5, 149, 0
0, 6, 149, 0
0, 7, 149, 0
0, 8, 151, 0
0, 9, 150, 0
0, 10, 149, 0
0, 11, 149, 0
0, 12, 149, 0
0, 13, 149, 0
0, 14, 149, 0
0, 15, 150, 0
0, 16, 149, 0
0, 17, 149, 0
0, 18, 149, 0
0, 19, 149, 0
0, 20, 149, 0
0, 21, 149, 0
0, 22, 149, 0
0, 23, 149, 0
0, 24, 149, 0
0, 25, 149, 0
0, 26, 149, 0
0, 27, 149, 0
0, 28, 149, 0
0, 29, 149, 0
0, 30, 150, 0
0, 0, 0, 149
2500, 1, 152, 0
0, 2, 152, 0
0, 3, 154, 0
0, 4, 152, 0
0, 5, 152, 0
0, 6, 152, 0
0, 7, 152, 0
0, 8, 152, 0
0, 9, 152, 0
0, 10, 152, 0
0, 11, 155, 0
0, 12, 153, 0
0, 13, 152, 0
0, 14, 152, 0
0, 15, 152, 0
0, 16, 152, 0
0, 17, 152, 0
0, 18, 152, 0
0, 19, 152, 0
0, 20, 152, 0
0, 21, 152, 0
0, 22, 152, 0
0, 23, 152, 0
0, 24, 155, 0
0, 25, 152, 0
0, 26, 152, 0
0, 27, 152, 0
0, 28, 152, 0
0, 29, 152, 0
0, 30, 152, 0
0, 0, 0, 152
2550, 1, 154, 0
0, 2, 155, 0
0, 3, 156, 0
0, 4, 155, 0
0, 5, 155, 0
0, 6, 157, 0
0, 7, 155, 0
0, 8, 155, 0
0, 9, 155, 0
0, 10, 155, 0
0, 11, 155, 0
0, 12, 155, 0
0, 13, 156, 0
0, 14, 157, 0
0, 15, 155, 0
0, 16, 155, 0
0, 17, 155, 0
0, 18, 155, 0
0, 19, 155, 0
0, 20, 155, 0
0, 21, 155, 0
0, 22, 155, 0
0, 23, 155, 0
0, 24, 155, 0
0, 25, 155, 0
0, 26, 155, 0
0, 27, 155, 0
0, 28, 155, 0
0, 29, 155, 0
0, 30, 155, 0
0, 0, 0, 155
2600, 1, 158, 0
0, 2, 158, 0
0, 3, 158, 0
0, 4, 158, 0
0, 5, 159, 0
0, 6, 158, 0
0, 7, 158, 0
0, 8, 161, 0
0, 9, 158, 0
0, 10, 158, 0
0, 11, 158, 0
0, 12, 158, 0
0, 13, 158, 0
0, 14, 158, 0
0, 15, 160, 0
0, 16, 160, 0
0, 17, 158, 0
0, 18, 158, 0
0, 19, 159, 0
0, 20, 158, 0
0, 21, 158, 0
0, 22, 159, 0
0, 23, 158, 0
0, 24, 158, 0
0, 25, 159, 0
0, 26, 159, 0
0, 27, 158, 0
0, 28, 158, 0
0, 29, 158, 0
0, 30, 158, 0
0, 0, 0, 158
2650, 1, 161, 0
0, 2, 162, 0
0, 3, 162, 0
0, 4, 161, 0
0, 5, 162, 0
0, 6, 162, 0
0, 7, 162, 0
0, 8, 161, 0
0, 9, 161, 0
0, 10, 163, 0
0, 11, 161, 0
0, 12, 162, 0
0, 13, 161, 0
0, 14, 161, 0
0, 15, 161, 0
0, 16, 162, 0
0, 17, 164, 0
0, 18, 161, 0
0, 19, 161, 0
0, 20, 161, 0
0, 21, 161, 0
0, 22, 161, 0
0, 23, 161, 0
0, 24, 161, 0
0, 25, 162, 0
0, 26, 161, 0
0, 27, 161, 0
0, 28, 162, 0
0, 29, 161, 0
0, 30, 161, 0
0, 0, 0, 161
2700, 1, 164, 0
0, 2, 164, 0
0, 3, 165, 0
0, 4, 165, 0
0, 5, 165, 0
0, 6, 165, 0
0, 7, 165, 0
0, 8, 165, 0
0, 9, 165, 0
0, 10, 164, 0
0, 11, 167, 0
0, 12, 164, 0
0, 13, 165, 0
0, 14, 165, 0
0, 15, 164, 0
0, 16, 164, 0
0, 17, 167, 0
0, 18, 165, 0
0, 19, 164, 0
0, 20, 164, 0
0, 21, 165, 0
0, 22, 165, 0
0, 23, 164, 0
0, 24, 165, 0
0, 25, 165, 0
0, 26, 165, 0
0, 27, 164, 0
0, 28, 165, 0
0, 29, 165, 0
0, 30, 164, 0
0, 0, 0, 164
2750, 1, 167, 0
0, 2, 168, 0
0, 3, 168, 0
0, 4, 168, 0
0, 5, 168, 0
0, 6, 168, 0
0, 7, 168, 0
0, 8, 167, 0
0, 9, 168, 0
0, 10, 168, 0
0, 11, 169, 0
0, 12, 168, 0
0, 13, 168, 0
0, 14, 167, 0
0, 15, 168, 0
0, 16, 167, 0
0, 17, 170, 0
0, 18, 168, 0
0, 19, 168, 0
0, 20, 168, 0
0, 21, 167, 0
0, 22, 168, 0
0, 23, 169, 0
0, 24, 168, 0
0, 25, 168, 0
0, 26, 168, 0
0, 27, 168, 0
0, 28, 168, 0
0, 29, 167, 0
0, 30, 168, 0
0, 0, 0, 167
2800, 1, 171, 0
0, 2, 172, 0
0, 3, 171, 0
0, 4, 171, 0
0, 5, 172, 0
0, 6, 171, 0
0, 7, 170, 0
0, 8, 171, 0
0, 9, 171, 0
0, 10, 171, 0
0, 11, 173, 0
0, 12, 171, 0
0, 13, 171, 0
0, 14, 171, 0
0, 15, 171, 0
0, 16, 173, 0
0, 17, 171, 0
0, 18, 171, 0
0, 19, 171, 0
0, 20, 171, 0
0, 21, 171, 0
0, 22, 172, 0
0, 23, 171, 0
0, 24, 171, 0
0, 25, 171, 0
0, 26, 171, 0
0, 27, 171, 0
0, 28, 171, 0
0, 29, 171, 0
0, 30, 171, 0
0, 0, 0, 171
2850, 1, 173, 0
0, 2, 174, 0
0, 3, 174, 0
0, 4, 174, 0
0, 5, 174, 0
0, 6, 176, 0
0, 7, 174, 0
0, 8, 174, 0
0, 9, 174, 0
0, 10, 175, 0
0, 11, 175, 0
0, 12, 174, 0
0, 13, 174, 0
0, 14, 174, 0
0, 15, 177, 0
0, 16, 173, 0
0, 17, 173, 0
0, 18, 173, 0
0, 19, 178, 0
0, 20, 174, 0
0, 21, 174, 0
0, 22, 174, 0
0, 23, 174, 0
0, 24, 174, 0
0, 25, 174, 0
0, 26, 174, 0
0, 27, 174, 0
0, 28, 174, 0
0, 29, 174, 0
0, 30, 174, 0
0, 0, 0, 174
2900, 1, 176, 0
0, 2, 177, 0
0, 3, 177, 0
0, 4, 177, 0
0, 5, 177, 0
0, 6, 177, 0
0, 7, 177, 0
0, 8, 177, 0
0, 9, 179, 0
0, 10, 177, 0
0, 11, 176, 0
0, 12, 177, 0
0, 13, 178, 0
0, 14, 179, 0
0, 15, 177, 0
0, 16, 178, 0
0, 17, 178, 0
0, 18, 177, 0
0, 19, 178, 0
0, 20, 177, 0
0, 21, 177, 0
0, 22, 177, 0
0, 23, 177, 0
0, 24, 177, 0
0, 25, 177, 0
0, 26, 178, 0
0, 27, 177, 0
0, 28, 177, 0
0, 29, 178, 0
0, 30, 177, 0
0, 0, 0, 177
2950, 1, 179, 0
0, 2, 180, 0
0, 3, 181, 0
0, 4, 181, 0
0, 5, 182, 0
0, 6, 180, 0
0, 7, 180, 0
0, 8, 182, 0
0, 9, 180, 0
0, 10, 180, 0
0, 11, 182, 0
0, 12, 180, 0
0, 13, 180, 0
0, 14, 181, 0
0, 15, 180, 0
0, 16, 180, 0
0, 17, 180, 0
0, 18, 180, 0
0, 19, 180, 0
0, 20, 180, 0
0, 21, 180, 0
0, 22, 180, 0
0, 23, 180, 0
0, 24, 180, 0
0, 25, 180, 0
0, 26, 180, 0
0, 27, 180, 0
0, 28, 180, 0
0, 29, 180, 0
0, 30, 180, 0
0, 0, 0, 180
3000, 1, 182, 0
0, 2, 183, 0
0, 3, 184, 0
0, 4, 183, 0
0, 5, 183, 0
0, 6, 184, 0
0, 7, 185, 0
0, 8, 184, 0
0, 9, 186, 0
0, 10, 183, 0
0, 11, 183, 0
0, 12, 184, 0
0, 13, 184, 0
0, 14, 184, 0
0, 15, 184, 0
0, 16, 184, 0
0, 17, 183, 0
0, 18, 184, 0
0, 19, 184, 0
0, 20, 183, 0
0, 21, 183, 0
0, 22, 183, 0
0, 23, 184, 0
0, 24, 183, 0
0, 25, 183, 0
0, 26, 183, 0
0, 27, 184, 0
0, 28, 183, 0
0, 29, 183, 0
0, 30, 184, 0
0, 0, 0, 183
3050, 1, 185, 0
0, 2, 186, 0
0, 3, 187, 0
0, 4, 187, 0
0, 5, 187, 0
0, 6, 191, 0
0, 7, 189, 0
0, 8, 187, 0
0, 9, 187, 0
0, 10, 187, 0
0, 11, 187, 0
0, 12, 187, 0
0, 13, 187, 0
0, 14, 187, 0
0, 15, 187, 0
0, 16, 187, 0
0, 17, 186, 0
0, 18, 188, 0
0, 19, 187, 0
0, 20, 186, 0
0, 21, 186, 0
0, 22, 187, 0
0, 23, 186, 0
0, 24, 186, 0
0, 25, 186, 0
0, 26, 186, 0
0, 27, 186, 0
0, 28, 187, 0
0, 29, 187, 0
0, 30, 186, 0
0, 0, 0, 186
3100, 1, 189, 0
0, 2, 190, 0
0, 3, 190, 0
0, 4, 190, 0
0, 5, 190, 0
0, 6, 193, 0
0, 7, 191, 0
0, 8, 190, 0
0, 9, 189, 0
0, 10, 189, 0
0, 11, 190, 0
0, 12, 190, 0
0, 13, 190, 0
0, 14, 191, 0
0, 15, 190, 0
0, 16, 190, 0
0, 17, 190, 0
0, 18, 189, 0
0, 19, 190, 0
0, 20, 190, 0
0, 21, 190, 0
0, 22, 190, 0
0, 23, 190, 0
0, 24, 191, 0
0, 25, 191, 0
0, 26, 190, 0
0, 27, 189, 0
0, 28, 190, 0
0, 29, 189, 0
0, 30, 190, 0
0, 0, 0, 190
3150, 1, 192, 0
0, 2, 193, 0
0, 3, 193, 0
0, 4, 194, 0
0, 5, 193, 0
0, 6, 195, 0
0, 7, 195, 0
0, 8, 193, 0
0, 9, 193, 0
0, 10, 193, 0
0, 11, 193, 0
0, 12, 193, 0
0, 13, 193, 0
0, 14, 193, 0
0, 15, 193, 0
0, 16, 192, 0
0, 17, 193, 0
0, 18, 193, 0
0, 19, 193, 0
0, 20, 194, 0
0, 21, 193, 0
0, 22, 192, 0
0, 23, 194, 0
0, 24, 193, 0
0, 25, 193, 0
0, 26, 193, 0
0, 27, 193, 0
0, 28, 193, 0
0, 29, 193, 0
0, 30, 193, 0
0, 0, 0, 193
3200, 1, 196, 0
0, 2, 196, 0
0, 3, 197, 0
0, 4, 196, 0
0, 5, 196, 0
0, 6, 199, 0
0, 7, 198, 0
0, 8, 196, 0
0, 9, 196, 0
0, 10, 196, 0
0, 11, 197, 0
0, 12, 197, 0
0, 13, 196, 0
0, 14, 196, 0
0, 15, 196, 0
0, 16, 197, 0
0, 17, 196, 0
0, 18, 197, 0
0, 19, 197, 0
0, 20, 198, 0
0, 21, 199, 0
0, 22, 199, 0
0, 23, 197, 0
0, 24, 199, 0
0, 25, 197, 0
0, 26, 196, 0
0, 27, 196, 0
0, 28, 197, 0
0, 29, 196, 0
0, 30, 197, 0
0, 0, 0, 196
3250, 1, 201, 0
0, 2, 203, 0
0, 3, 201, 0
0, 4, 199, 0
0, 5, 200, 0
0, 6, 205, 0
0, 7, 199, 0
0, 8, 200, 0
0, 9, 199, 0
0, 10, 199, 0
0, 11, 200, 0
0, 12, 200, 0
0, 13, 206, 0
0, 14, 199, 0
0, 15, 200, 0
0, 16, 200, 0
0, 17, 200, 0
0, 18, 199, 0
0, 19, 199, 0
0, 20, 200, 0
0, 21, 200, 0
0, 22, 199, 0
0, 23, 199, 0
0, 24, 199, 0
0, 25, 200, 0
0, 26, 200, 0
0, 27, 199, 0
0, 28, 200, 0
0, 29, 200, 0
0, 30, 199, 0
0, 0, 0, 200
3300, 1, 200, 0
0, 2, 203, 0
0, 3, 204, 0
0, 4, 204, 0
0, 5, 206, 0
0, 6, 207, 0
0, 7, 204, 0
0, 8, 204, 0
0, 9, 203, 0
0, 10, 203, 0
0, 11, 204, 0
0, 12, 203, 0
0, 13, 204, 0
0, 14, 203, 0
0, 15, 203, 0
0, 16, 204, 0
0, 17, 204, 0
0, 18, 202, 0
0, 19, 202, 0
0, 20, 203, 0
0, 21, 203, 0
0, 22, 202, 0
0, 23, 203, 0
0, 24, 203, 0
0, 25, 203, 0
0, 26, 203, 0
0, 27, 203, 0
0, 28, 203, 0
0, 29, 203, 0
0, 30, 202, 0
0, 0, 0, 203
3350, 1, 205, 0
0, 2, 206, 0
0, 3, 206, 0
0, 4, 206, 0
0, 5, 207, 0
0, 6, 208, 0
0, 7, 206, 0
0, 8, 206, 0
0, 9, 205, 0
0, 10, 206, 0
0, 11, 208, 0
0, 12, 206, 0
0, 13, 206, 0
0, 14, 205, 0
0, 15, 205, 0
0, 16, 207, 0
0, 17, 207, 0
0, 18, 206, 0
0, 19, 206, 0
0, 20, 206, 0
0, 21, 206, 0
0, 22, 206, 0
0, 23, 206, 0
0, 24, 206, 0
0, 25, 206, 0
0, 26, 206, 0
0, 27, 206, 0
0, 28, 206, 0
0, 29, 206, 0
0, 30, 206, 0
0, 0, 0, 206
3400, 1, 208, 0
0, 2, 210, 0
0, 3, 210, 0
0, 4, 209, 0
0, 5, 212, 0
0, 6, 211, 0
0, 7, 209, 0
0, 8, 209, 0
0, 9, 209, 0
0, 10, 211, 0
0, 11, 209, 0
0, 12, 209, 0
0, 13, 209, 0
0, 14, 209, 0
0, 15, 209, 0
0, 16, 210, 0
0, 17, 210, 0
0, 18, 210, 0
0, 19, 210, 0
0, 20, 211, 0
0, 21, 209, 0
0, 22, 210, 0
0, 23, 209, 0
0, 24, 209, 0
0, 25, 209, 0
0, 26, 209, 0
0, 27, 210, 0
0, 28, 210, 0
0, 29, 209, 0
0, 30, 210, 0
0, 0, 0, 209
3450, 1, 212, 0
0, 2, 213, 0
0, 3, 212, 0
0, 4, 213, 0
0, 5, 215, 0
0, 6, 214, 0
0, 7, 212, 0
0, 8, 212, 0
0, 9, 212, 0
0, 10, 218, 0
0, 11, 211, 0
0, 12, 212, 0
0, 13, 213, 0
0, 14, 213, 0
0, 15, 213, 0
0, 16, 213, 0
0, 17, 213, 0
0, 18, 213, 0
0, 19, 213, 0
0, 20, 212, 0
0, 21, 213, 0
0, 22, 212, 0
0, 23, 213, 0
0, 24, 212, 0
0, 25, 213, 0
0, 26, 212, 0
0, 27, 213, 0
0, 28, 213, 0
0, 29, 213, 0
0, 30, 212, 0
0, 0, 0, 212
3500, 1, 216, 0
0, 2, 215, 0
0, 3, 216, 0
0, 4, 216, 0
0, 5, 219, 0
0, 6, 218, 0
0, 7, 217, 0
0, 8, 216, 0
0, 9, 216, 0
0, 10, 216, 0
0, 11, 216, 0
0, 12, 216, 0
0, 13, 216, 0
0, 14, 217, 0
0, 15, 216, 0
0, 16, 216, 0
0, 17, 217, 0
0, 18, 217, 0
0, 19, 217, 0
0, 20, 216, 0
0, 21, 217, 0
0, 22, 217, 0
0, 23, 217, 0
0, 24, 217, 0
0, 25, 217, 0
0, 26, 218, 0
0, 27, 216, 0
0, 28, 217, 0
0, 29, 217, 0
0, 30, 215, 0
0, 0, 0, 216
3550, 1, 220, 0
0, 2, 219, 0
0, 3, 221, 0
0, 4, 219, 0
0, 5, 225, 0
0, 6, 220, 0
0, 7, 219, 0
0, 8, 218, 0
0, 9, 219, 0
0, 10, 220, 0
0, 11, 219, 0
0, 12, 219, 0
0, 13, 219, 0
0, 14, 220, 0
0, 15, 219, 0
0, 16, 218, 0
0, 17, 219, 0
0, 18, 220, 0
0, 19, 219, 0
0, 20, 219, 0
0, 21, 219, 0
0, 22, 219, 0
0, 23, 218, 0
0, 24, 219, 0
0, 25, 218, 0
0, 26, 219, 0
0, 27, 219, 0
0, 28, 219, 0
0, 29, 218, 0
0, 30, 220, 0
0, 0, 0, 219
3600, 1, 221, 0
0, 2, 222, 0
0, 3, 223, 0
0, 4, 222, 0
0, 5, 226, 0
0, 6, 224, 0
0, 7, 223, 0
0, 8, 221, 0
0, 9, 223, 0
0, 10, 223, 0
0, 11, 223, 0
0, 12, 222, 0
0, 13, 223, 0
0, 14, 222, 0
0, 15, 224, 0
0, 16, 223, 0
0, 17, 221, 0
0, 18, 223, 0
0, 19, 222, 0
0, 20, 223, 0
0, 21, 224, 0
0, 22, 223, 0
0, 23, 222, 0
0, 24, 223, 0
0, 25, 224, 0
0, 26, 223, 0
0, 27, 223, 0
0, 28, 223, 0
0, 29, 221, 0
0, 30, 223, 0
0, 0, 0, 222
3650, 1, 225, 0
0, 2, 226, 0
0, 3, 225, 0
0, 4, 226, 0
0, 5, 231, 0
0, 6, 225, 0
0, 7, 226, 0
0, 8, 226, 0
0, 9, 226, 0
0, 10, 226, 0
0, 11, 225, 0
0, 12, 226, 0
0, 13, 226, 0
0, 14, 230, 0
0, 15, 226, 0
0, 16, 226, 0
0, 17, 225, 0
0, 18, 226, 0
0, 19, 224, 0
0, 20, 225, 0
0, 21, 227, 0
0, 22, 226, 0
0, 23, 226, 0
0, 24, 226, 0
0, 25, 226, 0
0, 26, 227, 0
0, 27, 227, 0
0, 28, 226, 0
0, 29, 227, 0
0, 30, 226, 0
0, 0, 0, 226
3700, 1, 229, 0
0, 2, 229, 0
0, 3, 230, 0
0, 4, 230, 0
0, 5, 236, 0
0, 6, 230, 0
0, 7, 230, 0
0, 8, 230, 0
0, 9, 229, 0
0, 10, 230, 0
0, 11, 229, 0
0, 12, 230, 0
0, 13, 229, 0
0, 14, 230, 0
0, 15, 229, 0
0, 16, 230, 0
0, 17, 230, 0
0, 18, 229, 0
0, 19, 230, 0
0, 20, 231, 0
0, 21, 229, 0
0, 22, 230, 0
0, 23, 230, 0
0, 24, 230, 0
0, 25, 230, 0
0, 26, 229, 0
0, 27, 230, 0
0, 28, 229, 0
0, 29, 230, 0
0, 30, 231, 0
0, 0, 0, 229
3750, 1, 230, 0
0, 2, 233, 0
0, 3, 233, 0
0, 4, 232, 0
0, 5, 236, 0
0, 6, 235, 0
0, 7, 234, 0
0, 8, 233, 0
0, 9, 232, 0
0, 10, 234, 0
0, 11, 232, 0
0, 12, 234, 0
0, 13, 233, 0
0, 14, 232, 0
0, 15, 234, 0
0, 16, 234, 0
0, 17, 233, 0
0, 18, 233, 0
0, 19, 233, 0
0, 20, 233, 0
0, 21, 233, 0
0, 22, 233, 0
0, 23, 233, 0
0, 24, 233, 0
0, 25, 233, 0
0, 26, 233, 0
0, 27, 232, 0
0, 28, 233, 0
0, 29, 233, 0
0, 30, 233, 0
0, 0, 0, 233
3800, 1, 235, 0
0, 2, 237, 0
0, 3, 236, 0
0, 4, 236, 0
0, 5, 238, 0
0, 6, 236, 0
0, 7, 238, 0
0, 8, 236, 0
0, 9, 237, 0
0, 10, 237, 0
0, 11, 236, 0
0, 12, 237, 0
0, 13, 237, 0
0, 14, 235, 0
0, 15, 237, 0
0, 16, 238, 0
0, 17, 236, 0
0, 18, 238, 0
0, 19, 236, 0
0, 20, 237, 0
0, 21, 237, 0
0, 22, 237, 0
0, 23, 236, 0
0, 24, 235, 0
0, 25, 237, 0
0, 26, 237, 0
0, 27, 237, 0
0, 28, 237, 0
0, 29, 236, 0
0, 30, 235, 0
0, 0, 0, 236
3850, 1, 239, 0
0, 2, 240, 0
0, 3, 240, 0
0, 4, 240, 0
0, 5, 244, 0
0, 6, 240, 0
0, 7, 239, 0
0, 8, 240, 0
0, 9, 242, 0
0, 10, 239, 0
0, 11, 239, 0
0, 12, 240, 0
0, 13, 239, 0
0, 14, 240, 0
0, 15, 239, 0
0, 16, 240, 0
0, 17, 239, 0
0, 18, 239, 0
0, 19, 241, 0
0, 20, 239, 0
0, 21, 239, 0
0, 22, 240, 0
0, 23, 240, 0
0, 24, 240, 0
0, 25, 240, 0
0, 26, 240, 0
0, 27, 240, 0
0, 28, 239, 0
0, 29, 241, 0
0, 30, 239, 0
0, 0, 0, 239
3900, 1, 242, 0
0, 2, 243, 0
0, 3, 243, 0
0, 4, 244, 0
0, 5, 245, 0
0, 6, 245, 0
0, 7, 245, 0
0, 8, 244, 0
0, 9, 244, 0
0, 10, 245, 0
0, 11, 243, 0
0, 12, 243, 0
0, 13, 242, 0
0, 14, 242, 0
0, 15, 244, 0
0, 16, 243, 0
0, 17, 244, 0
0, 18, 244, 0
0, 19, 243, 0
0, 20, 243, 0
0, 21, 244, 0
0, 22, 243, 0
0, 23, 244, 0
0, 24, 243, 0
0, 25, 244, 0
0, 26, 243, 0
0, 27, 242, 0
0, 28, 242, 0
0, 29, 243, 0
0, 30, 243, 0
0, 0, 0, 243
3950, 1, 245, 0
0, 2, 246, 0
0, 3, 247, 0
0, 4, 248, 0
0, 5, 250, 0
0, 6, 246, 0
0, 7, 246, 0
0, 8, 246, 0
0, 9, 246, 0
0, 10, 248, 0
0, 11, 248, 0
0, 12, 247, 0
0, 13, 248, 0
0, 14, 247, 0
0, 15, 245, 0
0, 16, 245, 0
0, 17, 246, 0
0, 18, 246, 0
0, 19, 247, 0
0, 20, 246, 0
0, 21, 248, 0
0, 22, 247, 0
0, 23, 245, 0
0, 24, 245, 0
0, 25, 246, 0
0, 26, 247, 0
0, 27, 247, 0
0, 28, 246, 0
0, 29, 246, 0
0, 30, 247, 0
0, 0, 0, 246
4000, 1, 249, 0
0, 2, 250, 0
0, 3, 251, 0
0, 4, 252, 0
0, 5, 252, 0
0, 6, 250, 0
0, 7, 251, 0
0, 8, 250, 0
0, 9, 250, 0
0, 10, 251, 0
0, 11, 250, 0
0, 12, 250, 0
0, 13, 250, 0
0, 14, 251, 0
0, 15, 249, 0
0, 16, 251, 0
0, 17, 251, 0
0, 18, 250, 0
0, 19, 251, 0
0, 20, 251, 0
0, 21, 250, 0
0, 22, 249, 0
0, 23, 250, 0
0, 24, 250, 0
0, 25, 251, 0
0, 26, 250, 0
0, 27, 250, 0
0, 28, 251, 0
0, 29, 249, 0
0, 30, 250, 0
0, 0, 0, 250
4050, 1, 253, 0
0, 2, 254, 0
0, 3, 253, 0
0, 4, 253, 0
0, 5, 256, 0
0, 6, 253, 0
0, 7, 253, 0
0, 8, 254, 0
0, 9, 252, 0
0, 10, 254, 0
0, 11, 253, 0
0, 12, 251, 0
0, 13, 253, 0
0, 14, 254, 0
0, 15, 253, 0
0, 16, 252, 0
0, 17, 254, 0
0, 18, 254, 0
0, 19, 253, 0
0, 20, 254, 0
0, 21, 254, 0
0, 22, 253, 0
0, 23, 252, 0
0, 24, 254, 0
0, 25, 254, 0
0, 26, 262, 0
0, 27, 254, 0
0, 28, 253, 0
0, 29, 253, 0
0, 30, 254, 0
0, 0, 0, 253
4100, 1, 257, 0
0, 2, 257, 0
0, 3, 257, 0
0, 4, 259, 0
0, 5, 259, 0
0, 6, 258, 0
0, 7, 258, 0
0, 8, 258, 0
0, 9, 258, 0
0, 10, 257, 0
0, 11, 257, 0
0, 12, 257, 0
0, 13, 258, 0
0, 14, 255, 0
0, 15, 256, 0
0, 16, 255, 0
0, 17, 258, 0
0, 18, 257, 0
0, 19, 258, 0
0, 20, 257, 0
0, 21, 255, 0
0, 22, 258, 0
0, 23, 256, 0
0, 24, 257, 0
0, 25, 258, 0
0, 26, 258, 0
0, 27, 259, 0
0, 28, 258, 0
0, 29, 259, 0
0, 30, 259, 0
0, 0, 0, 257
4150, 1, 261, 0
0, 2, 262, 0
0, 3, 261, 0
0, 4, 262, 0
0, 5, 263, 0
0, 6, 261, 0
0, 7, 261, 0
0, 8, 260, 0
0, 9, 260, 0
0, 10, 258, 0
0, 11, 260, 0
0, 12, 260, 0
0, 13, 260, 0
0, 14, 261, 0
0, 15, 260, 0
0, 16, 260, 0
0, 17, 260, 0
0, 18, 261, 0
0, 19, 261, 0
0, 20, 261, 0
0, 21, 260, 0
0, 22, 260, 0
0, 23, 260, 0
0, 24, 261, 0
0, 25, 258, 0
0, 26, 260, 0
0, 27, 261, 0
0, 28, 260, 0
0, 29, 260, 0
0, 30, 260, 0
0, 0, 0, 260
4200, 1, 262, 0
0, 2, 265, 0
0, 3, 263, 0
0, 4, 267, 0
0, 5, 265, 0
0, 6, 265, 0
0, 7, 265, 0
0, 8, 266, 0
0, 9, 265, 0
0, 10, 265, 0
0, 11, 265, 0
0, 12, 266, 0
0, 13, 264, 0
0, 14, 265, 0
0, 15, 263, 0
0, 16, 264, 0
0, 17, 266, 0
0, 18, 266, 0
0, 19, 264, 0
0, 20, 265, 0
0, 21, 264, 0
0, 22, 264, 0
0, 23, 265, 0
0, 24, 264, 0
0, 25, 263, 0
0, 26, 265, 0
0, 27, 265, 0
0, 28, 264, 0
0, 29, 263, 0
0, 30, 264, 0
0, 0, 0, 264
4250, 1, 266, 0
0, 2, 266, 0
0, 3, 267, 0
0, 4, 270, 0
0, 5, 268, 0
0, 6, 267, 0
0, 7, 268, 0
0, 8, 268, 0
0, 9, 268, 0
0, 10, 266, 0
0, 11, 266, 0
0, 12, 267, 0
0, 13, 268, 0
0, 14, 268, 0
0, 15, 266, 0
0, 16, 267, 0
0, 17, 267, 0
0, 18, 267, 0
0, 19, 267, 0
0, 20, 266, 0
0, 21, 267, 0
0, 22, 266, 0
0, 23, 268, 0
0, 24, 266, 0
0, 25, 268, 0
0, 26, 266, 0
0, 27, 268, 0
0, 28, 265, 0
0, 29, 266, 0
0, 30, 268, 0
0, 0, 0, 267
4300, 1, 271, 0
0, 2, 271, 0
0, 3, 271, 0
0, 4, 275, 0
0, 5, 270, 0
0, 6, 273, 0
0, 7, 272, 0
0, 8, 272, 0
0, 9, 271, 0
0, 10, 271, 0
0, 11, 268, 0
0, 12, 271, 0
0, 13, 270, 0
0, 14, 271, 0
0, 15, 271, 0
0, 16, 271, 0
0, 17, 272, 0
0, 18, 272, 0
0, 19, 274, 0
0, 20, 273, 0
0, 21, 273, 0
0, 22, 272, 0
0, 23, 273, 0
0, 24, 273, 0
0, 25, 273, 0
0, 26, 272, 0
0, 27, 273, 0
0, 28, 272, 0
0, 29, 272, 0
0, 30, 270, 0
0, 0, 0, 271
4350, 1, 275, 0
0, 2, 275, 0
0, 3, 274, 0
0, 4, 276, 0
0, 5, 273, 0
0, 6, 272, 0
0, 7, 274, 0
0, 8, 274, 0
0, 9, 274, 0
0, 10, 274, 0
0, 11, 275, 0
0, 12, 273, 0
0, 13, 274, 0
0, 14, 274, 0
0, 15, 274, 0
0, 16, 274, 0
0, 17, 274, 0
0, 18, 274, 0
0, 19, 272, 0
0, 20, 276, 0
0, 21, 275, 0
0, 22, 273, 0
0, 23, 273, 0
0, 24, 273, 0
0, 25, 274, 0
0, 26, 273, 0
0, 27, 273, 0
0, 28, 273, 0
0, 29, 276, 0
0, 30, 274, 0
0, 0, 0, 273
4400, 1, 278, 0
0, 2, 279, 0
0, 3, 277, 0
0, 4, 282, 0
0, 5, 279, 0
0, 6, 277, 0
0, 7, 278, 0
0, 8, 281, 0
0, 9, 280, 0
0, 10, 279, 0
0, 11, 278, 0
0, 12, 277, 0
0, 13, 279, 0
0, 14, 278, 0
0, 15, 279, 0
0, 16, 277, 0
0, 17, 279, 0
0, 18, 278, 0
0, 19, 279, 0
0, 20, 280, 0
0, 21, 278, 0
0, 22, 279, 0
0, 23, 279, 0
0, 24, 277, 0
0, 25, 279, 0
0, 26, 277, 0
0, 27, 278, 0
0, 28, 279, 0
0, 29, 278, 0
0, 30, 278, 0
0, 0, 0, 278
4450, 1, 281, 0
0, 2, 282, 0
0, 3, 283, 0
0, 4, 284, 0
0, 5, 283, 0
0, 6, 281, 0
0, 7, 280, 0
0, 8, 282, 0
0, 9, 280, 0
0, 10, 281, 0
0, 11, 289, 0
0, 12, 281, 0
0, 13, 281, 0
0, 14, 282, 0
0, 15, 281, 0
0, 16, 280, 0
0, 17, 281, 0
0, 18, 281, 0
0, 19, 280, 0
0, 20, 283, 0
0, 21, 280, 0
0, 22, 281, 0
0, 23, 280, 0
0, 24, 281, 0
0, 25, 280, 0
0, 26, 283, 0
0, 27, 282, 0
0, 28, 281, 0
0, 29, 280, 0
0, 30, 280, 0
0, 0, 0, 281
4500, 1, 283, 0
0, 2, 283, 0
0, 3, 286, 0
0, 4, 289, 0
0, 5, 286, 0
0, 6, 286, 0
0, 7, 284, 0
0, 8, 287, 0
0, 9, 287, 0
0, 10, 288, 0
0, 11, 286, 0
0, 12, 287, 0
0, 13, 286, 0
0, 14, 287, 0
0, 15, 283, 0
0, 16, 285, 0
0, 17, 285, 0
0, 18, 287, 0
0, 19, 286, 0
0, 20, 285, 0
0, 21, 286, 0
0, 22, 288, 0
0, 23, 285, 0
0, 24, 286, 0
0, 25, 286, 0
0, 26, 286, 0
0, 27, 286, 0
0, 28, 284, 0
0, 29, 286, 0
0, 30, 287, 0
0, 0, 0, 285
4550, 1, 288, 0
0, 2, 288, 0
0, 3, 288, 0
0, 4, 291, 0
0, 5, 288, 0
0, 6, 289, 0
0, 7, 289, 0
0, 8, 288, 0
0, 9, 289, 0
0, 10, 288, 0
0, 11, 287, 0
0, 12, 288, 0
0, 13, 289, 0
0, 14, 289, 0
0, 15, 287, 0
0, 16, 288, 0
0, 17, 287, 0
0, 18, 288, 0
0, 19, 287, 0
0, 20, 288, 0
0, 21, 288, 0
0, 22, 288, 0
0, 23, 289, 0
0, 24, 287, 0
0, 25, 287, 0
0, 26, 289, 0
0, 27, 287, 0
0, 28, 289, 0
0, 29, 288, 0
0, 30, 289, 0
0, 0, 0, 288
4600, 1, 292, 0
0, 2, 294, 0
0, 3, 293, 0
0, 4, 295, 0
0, 5, 294, 0
0, 6, 294, 0
0, 7, 292, 0
0, 8, 294, 0
0, 9, 292, 0
0, 10, 293, 0
0, 11, 290, 0
0, 12, 293, 0
0, 13, 293, 0
0, 14, 290, 0
0, 15, 292, 0
0, 16, 293, 0
0, 17, 291, 0
0, 18, 293, 0
0, 19, 293, 0
0, 20, 293, 0
0, 21, 293, 0
0, 22, 292, 0
0, 23, 294, 0
0, 24, 293, 0
0, 25, 293, 0
0, 26, 293, 0
0, 27, 295, 0
0, 28, 292, 0
0, 29, 293, 0
0, 30, 292, 0
0, 0, 0, 292
4650, 1, 293, 0
0, 2, 296, 0
0, 3, 295, 0
0, 4, 299, 0
0, 5, 295, 0
0, 6, 294, 0
0, 7, 295, 0
0, 8, 295, 0
0, 9, 294, 0
0, 10, 295, 0
0, 11, 294, 0
0, 12, 292, 0
0, 13, 291, 0
0, 14, 291, 0
0, 15, 292, 0
0, 16, 292, 0
0, 17, 293, 0
0, 18, 293, 0
0, 19, 293, 0
0, 20, 294, 0
0, 21, 294, 0
0, 22, 293, 0
0, 23, 293, 0
0, 24, 295, 0
0, 25, 293, 0
0, 26, 293, 0
0, 27, 292, 0
0, 28, 293, 0
0, 29, 293, 0
0, 30, 294, 0
0, 0, 0, 293
4700, 1, 294, 0
0, 2, 296, 0
0, 3, 297, 0
0, 4, 301, 0
0, 5, 298, 0
0, 6, 297, 0
0, 7, 299, 0
0, 8, 299, 0
0, 9, 297, 0
0, 10, 299, 0
0, 11, 299, 0
0, 12, 297, 0
0, 13, 299, 0
0, 14, 298, 0
0, 15, 296, 0
0, 16, 299, 0
0, 17, 297, 0
0, 18, 297, 0
0, 19, 298, 0
0, 20, 298, 0
0, 21, 299, 0
0, 22, 299, 0
0, 23, 298, 0
0, 24, 299, 0
0, 25, 299, 0
0, 26, 298, 0
0, 27, 297, 0
0, 28, 299, 0
0, 29, 297, 0
0, 30, 295, 0
0, 0, 0, 297
4750, 1, 298, 0
0, 2, 300, 0
0, 3, 301, 0
0, 4, 301, 0
0, 5, 302, 0
0, 6, 300, 0
0, 7, 300, 0
0, 8, 299, 0
0, 9, 300, 0
0, 10, 300, 0
0, 11, 301, 0
0, 12, 299, 0
0, 13, 298, 0
0, 14, 300, 0
0, 15, 300, 0
0, 16, 299, 0
0, 17, 300, 0
0, 18, 299, 0
0, 19, 299, 0
0, 20, 300, 0
0, 21, 300, 0
0, 22, 300, 0
0, 23, 299, 0
0, 24, 299, 0
0, 25, 300, 0
0, 26, 299, 0
0, 27, 299, 0
0, 28, 300, 0
0, 29, 298, 0
0, 30, 299, 0
0, 0, 0, 299
4800, 1, 299, 0
0, 2, 306, 0
0, 3, 305, 0
0, 4, 308, 0
0, 5, 305, 0
0, 6, 306, 0
0, 7, 306, 0
0, 8, 305, 0
0, 9, 315, 0
0, 10, 305, 0
0, 11, 307, 0
0, 12, 307, 0
0, 13, 306, 0
0, 14, 307, 0
0, 15, 305, 0
0, 16, 306, 0
0, 17, 305, 0
0, 18, 305, 0
0, 19, 306, 0
0, 20, 305, 0
0, 21, 304, 0
0, 22, 305, 0
0, 23, 305, 0
0, 24, 306, 0
0, 25, 308, 0
0, 26, 301, 0
0, 27, 305, 0
0, 28, 309, 0
0, 29, 307, 0
0, 30, 307, 0
0, 0, 0, 305
4850, 1, 307, 0
0, 2, 306, 0
0, 3, 307, 0
0, 4, 311, 0
0, 5, 307, 0
0, 6, 306, 0
0, 7, 306, 0
0, 8, 308, 0
0, 9, 306, 0
0, 10, 307, 0
0, 11, 306, 0
0, 12, 308, 0
0, 13, 307, 0
0, 14, 306, 0
0, 15, 307, 0
0, 16, 306, 0
0, 17, 306, 0
0, 18, 308, 0
0, 19, 306, 0
0, 20, 308, 0
0, 21, 308, 0
0, 22, 306, 0
0, 23, 306, 0
0, 24, 305, 0
0, 25, 308, 0
0, 26, 305, 0
0, 27, 306, 0
0, 28, 305, 0
0, 29, 307, 0
0, 30, 306, 0
0, 0, 0, 306
4900, 1, 310, 0
0, 2, 311, 0
0, 3, 312, 0
0, 4, 312, 0
0, 5, 312, 0
0, 6, 312, 0
0, 7, 312, 0
0, 8, 313, 0
0, 9, 313, 0
0, 10, 313, 0
0, 11, 314, 0
0, 12, 313, 0
0, 13, 311, 0
0, 14, 312, 0
0, 15, 314, 0
0, 16, 312, 0
0, 17, 311, 0
0, 18, 312, 0
0, 19, 314, 0
0, 20, 314, 0
0, 21, 313, 0
0, 22, 310, 0
0, 23, 311, 0
0, 24, 309, 0
0, 25, 314, 0
0, 26, 312, 0
0, 27, 312, 0
0, 28, 313, 0
0, 29, 313, 0
0, 30, 315, 0
0, 0, 0, 312
4950, 1, 311, 0
0, 2, 313, 0
0, 3, 314, 0
0, 4, 311, 0
0, 5, 314, 0
0, 6, 313, 0
0, 7, 314, 0
0, 8, 314, 0
0, 9, 313, 0
0, 10, 313, 0
0, 11, 313, 0
0, 12, 315, 0
0, 13, 315, 0
0, 14, 312, 0
0, 15, 315, 0
0, 16, 314, 0
0, 17, 312, 0
0, 18, 312, 0
0, 19, 314, 0
0, 20, 314, 0
0, 21, 314, 0
0, 22, 313, 0
0, 23, 314, 0
0, 24, 314, 0
0, 25, 313, 0
0, 26, 313, 0
0, 27, 313, 0
0, 28, 314, 0
0, 29, 314, 0
0, 30, 316, 0
0, 0, 0, 313
5000, 1, 318, 0
0, 2, 323, 0
0, 3, 321, 0
0, 4, 324, 0
0, 5, 319, 0
0, 6, 321, 0
0, 7, 321, 0
0, 8, 320, 0
0, 9, 317, 0
0, 10, 321, 0
0, 11, 321, 0
0, 12, 318, 0
0, 13, 322, 0
0, 14, 320, 0
0, 15, 322, 0
0, 16, 320, 0
0, 17, 320, 0
0, 18, 320, 0
0, 19, 321, 0
0, 20, 320, 0
0, 21, 321, 0
0, 22, 321, 0
0, 23, 321, 0
0, 24, 321, 0
0, 25, 322, 0
0, 26, 320, 0
0, 27, 321, 0
0, 28, 319, 0
0, 29, 322, 0
0, 30, 321, 0
0, 0, 0, 320
5050, 1, 318, 0
0, 2, 321, 0
0, 3, 320, 0
0, 4, 320, 0
0, 5, 319, 0
0, 6, 322, 0
0, 7, 320, 0
0, 8, 321, 0
0, 9, 321, 0
0, 10, 321, 0
0, 11, 321, 0
0, 12, 321, 0
0, 13, 321, 0
0, 14, 322, 0
0, 15, 321, 0
0, 16, 321, 0
0, 17, 321, 0
0, 18, 321, 0
0, 19, 320, 0
0, 20, 320, 0
0, 21, 319, 0
0, 22, 320, 0
0, 23, 320, 0
0, 24, 321, 0
0, 25, 320, 0
0, 26, 321, 0
0, 27, 321, 0
0, 28, 321, 0
0, 29, 321, 0
0, 30, 316, 0
0, 0, 0, 320
5100, 1, 325, 0
0, 2, 324, 0
0, 3, 327, 0
0, 4, 329, 0
0, 5, 327, 0
0, 6, 327, 0
0, 7, 328, 0
0, 8, 326, 0
0, 9, 327, 0
0, 10, 327, 0
0, 11, 324, 0
0, 12, 327, 0
0, 13, 328, 0
0, 14, 326, 0
0, 15, 325, 0
0, 16, 327, 0
0, 17, 327, 0
0, 18, 328, 0
0, 19, 327, 0
0, 20, 326, 0
0, 21, 337, 0
0, 22, 327, 0
0, 23, 327, 0
0, 24, 327, 0
0, 25, 326, 0
0, 26, 327, 0
0, 27, 327, 0
0, 28, 325, 0
0, 29, 325, 0
0, 30, 328, 0
0, 0, 0, 326
5150, 1, 324, 0
0, 2, 328, 0
0, 3, 330, 0
0, 4, 329, 0
0, 5, 328, 0
0, 6, 327, 0
0, 7, 326, 0
0, 8, 327, 0
0, 9, 327, 0
0, 10, 328, 0
0, 11, 327, 0
0, 12, 327, 0
0, 13, 327, 0
0, 14, 326, 0
0, 15, 328, 0
0, 16, 328, 0
0, 17, 327, 0
0, 18, 326, 0
0, 19, 327, 0
0, 20, 326, 0
0, 21, 328, 0
0, 22, 328, 0
0, 23, 328, 0
0, 24, 328, 0
0, 25, 326, 0
0, 26, 327, 0
0, 27, 328, 0
0, 28, 327, 0
0, 29, 327, 0
0, 30, 326, 0
0, 0, 0, 327
5200, 1, 331, 0
0, 2, 336, 0
0, 3, 335, 0
0, 4, 337, 0
0, 5, 334, 0
0, 6, 334, 0
0, 7, 335, 0
0, 8, 333, 0
0, 9, 335, 0
0, 10, 335, 0
0, 11, 335, 0
0, 12, 333, 0
0, 13, 335, 0
0, 14, 333, 0
0, 15, 330, 0
0, 16, 334, 0
0, 17, 334, 0
0, 18, 336, 0
0, 19, 337, 0
0, 20, 335, 0
0, 21, 336, 0
0, 22, 335, 0
0, 23, 335, 0
0, 24, 335, 0
0, 25, 335, 0
0, 26, 335, 0
0, 27, 334, 0
0, 28, 333, 0
0, 29, 333, 0
0, 30, 335, 0
0, 0, 0, 334
5250, 1, 331, 0
0, 2, 334, 0
0, 3, 336, 0
0, 4, 334, 0
0, 5, 333, 0
0, 6, 334, 0
0, 7, 334, 0
0, 8, 334, 0
0, 9, 335, 0
0, 10, 334, 0
0, 11, 336, 0
0, 12, 334, 0
0, 13, 334, 0
0, 14, 334, 0
0, 15, 334, 0
0, 16, 332, 0
0, 17, 332, 0
0, 18, 334, 0
0, 19, 335, 0
0, 20, 334, 0
0, 21, 334, 0
0, 22, 335, 0
0, 23, 334, 0
0, 24, 335, 0
0, 25, 335, 0
0, 26, 333, 0
0, 27, 335, 0
0, 28, 333, 0
0, 29, 335, 0
0, 30, 335, 0
0, 0, 0, 334
5300, 1, 344, 0
0, 2, 344, 0
0, 3, 346, 0
0, 4, 346, 0
0, 5, 343, 0
0, 6, 345, 0
0, 7, 343, 0
0, 8, 344, 0
0, 9, 341, 0
0, 10, 342, 0
0, 11, 340, 0
0, 12, 343, 0
0, 13, 341, 0
0, 14, 344, 0
0, 15, 342, 0
0, 16, 343, 0
0, 17, 342, 0
0, 18, 344, 0
0, 19, 343, 0
0, 20, 343, 0
0, 21, 343, 0
0, 22, 342, 0
0, 23, 341, 0
0, 24, 342, 0
0, 25, 341, 0
0, 26, 342, 0
0, 27, 342, 0
0, 28, 342, 0
0, 29, 340, 0
0, 30, 340, 0
0, 0, 0, 342
5350, 1, 338, 0
0, 2, 342, 0
0, 3, 339, 0
0, 4, 341, 0
0, 5, 342, 0
0, 6, 341, 0
0, 7, 341, 0
0, 8, 341, 0
0, 9, 339, 0
0, 10, 342, 0
0, 11, 340, 0
0, 12, 340, 0
0, 13, 341, 0
0, 14, 341, 0
0, 15, 339, 0
0, 16, 341, 0
0, 17, 342, 0
0, 18, 342, 0
0, 19, 342, 0
0, 20, 341, 0
0, 21, 342, 0
0, 22, 338, 0
0, 23, 342, 0
0, 24, 341, 0
0, 25, 341, 0
0, 26, 343, 0
0, 27, 340, 0
0, 28, 339, 0
0, 29, 343, 0
0, 30, 342, 0
0, 0, 0, 340
5400, 1, 347, 0
0, 2, 349, 0
0, 3, 354, 0
0, 4, 351, 0
0, 5, 350, 0
0, 6, 350, 0
0, 7, 349, 0
0, 8, 351, 0
0, 9, 352, 0
0, 10, 350, 0
0, 11, 346, 0
0, 12, 350, 0
0, 13, 350, 0
0, 14, 349, 0
0, 15, 348, 0
0, 16, 349, 0
0, 17, 349, 0
0, 18, 350, 0
0, 19, 348, 0
0, 20, 358, 0
0, 21, 349, 0
0, 22, 349, 0
0, 23, 350, 0
0, 24, 350, 0
0, 25, 350, 0
0, 26, 350, 0
0, 27, 351, 0
0, 28, 351, 0
0, 29, 354, 0
0, 30, 352, 0
0, 0, 0, 350
5450, 1, 348, 0
0, 2, 351, 0
0, 3, 350, 0
0, 4, 349, 0
0, 5, 347, 0
0, 6, 347, 0
0, 7, 348, 0
0, 8, 345, 0
0, 9, 344, 0
0, 10, 348, 0
0, 11, 349, 0
0, 12, 347, 0
0, 13, 349, 0
0, 14, 347, 0
0, 15, 349, 0
0, 16, 347, 0
0, 17, 348, 0
0, 18, 348, 0
0, 19, 348, 0
0, 20, 348, 0
0, 21, 348, 0
0, 22, 350, 0
0, 23, 349, 0
0, 24, 347, 0
0, 25, 348, 0
0, 26, 349, 0
0, 27, 349, 0
0, 28, 348, 0
0, 29, 346, 0
0, 30, 347, 0
0, 0, 0, 347
5500, 1, 354, 0
0, 2, 358, 0
0, 3, 361, 0
0, 4, 355, 0
0, 5, 358, 0
0, 6, 359, 0
0, 7, 358, 0
0, 8, 359, 0
0, 9, 358, 0
0, 10, 355, 0
0, 11, 355, 0
0, 12, 356, 0
0, 13, 358, 0
0, 14, 357, 0
0, 15, 358, 0
0, 16, 357, 0
0, 17, 355, 0
0, 18, 358, 0
0, 19, 359, 0
0, 20, 355, 0
0, 21, 357, 0
0, 22, 357, 0
0, 23, 358, 0
0, 24, 358, 0
0, 25, 358, 0
0, 26, 356, 0
0, 27, 357, 0
0, 28, 355, 0
0, 29, 359, 0
0, 30, 359, 0
0, 0, 0, 357
5550, 1, 354, 0
0, 2, 355, 0
0, 3, 357, 0
0, 4, 355, 0
0, 5, 357, 0
0, 6, 356, 0
0, 7, 354, 0
0, 8, 353, 0
0, 9, 356, 0
0, 10, 356, 0
0, 11, 355, 0
0, 12, 357, 0
0, 13, 356, 0
0, 14, 358, 0
0, 15, 355, 0
0, 16, 354, 0
0, 17, 357, 0
0, 18, 356, 0
0, 19, 355, 0
0, 20, 358, 0
0, 21, 358, 0
0, 22, 359, 0
0, 23, 358, 0
0, 24, 357, 0
0, 25, 356, 0
0, 26, 356, 0
0, 27, 358, 0
0, 28, 358, 0
0, 29, 357, 0
0, 30, 358, 0
0, 0, 0, 356
5600, 1, 367, 0
0, 2, 366, 0
0, 3, 367, 0
0, 4, 366, 0
0, 5, 367, 0
0, 6, 364, 0
0, 7, 366, 0
0, 8, 365, 0
0, 9, 369, 0
0, 10, 366, 0
0, 11, 365, 0
0, 12, 365, 0
0, 13, 367, 0
0, 14, 365, 0
0, 15, 366, 0
0, 16, 367, 0
0, 17, 368, 0
0, 18, 364, 0
0, 19, 367, 0
0, 20, 366, 0
0, 21, 360, 0
0, 22, 365, 0
0, 23, 367, 0
0, 24, 367, 0
0, 25, 367, 0
0, 26, 366, 0
0, 27, 365, 0
0, 28, 365, 0
0, 29, 367, 0
0, 30, 367, 0
0, 0, 0, 365
5650, 1, 359, 0
0, 2, 363, 0
0, 3, 365, 0
0, 4, 360, 0
0, 5, 363, 0
0, 6, 362, 0
0, 7, 361, 0
0, 8, 364, 0
0, 9, 363, 0
0, 10, 364, 0
0, 11, 363, 0
0, 12, 364, 0
0, 13, 363, 0
0, 14, 364, 0
0, 15, 363, 0
0, 16, 362, 0
0, 17, 362, 0
0, 18, 364, 0
0, 19, 364, 0
0, 20, 362, 0
0, 21, 363, 0
0, 22, 362, 0
0, 23, 363, 0
0, 24, 361, 0
0, 25, 362, 0
0, 26, 362, 0
0, 27, 361, 0
0, 28, 363, 0
0, 29, 361, 0
0, 30, 362, 0
0, 0, 0, 362
5700, 1, 369, 0
0, 2, 371, 0
0, 3, 374, 0
0, 4, 370, 0
0, 5, 373, 0
0, 6, 372, 0
0, 7, 372, 0
0, 8, 370, 0
0, 9, 384, 0
0, 10, 371, 0
0, 11, 372, 0
0, 12, 374, 0
0, 13, 375, 0
0, 14, 371, 0
0, 15, 376, 0
0, 16, 376, 0
0, 17, 373, 0
0, 18, 375, 0
0, 19, 375, 0
0, 20, 374, 0
0, 21, 374, 0
0, 22, 374, 0
0, 23, 374, 0
0, 24, 372, 0
0, 25, 370, 0
0, 26, 370, 0
0, 27, 373, 0
0, 28, 372, 0
0, 29, 370, 0
0, 30, 373, 0
0, 0, 0, 372
5750, 1, 364, 0
0, 2, 370, 0
0, 3, 373, 0
0, 4, 369, 0
0, 5, 369, 0
0, 6, 368, 0
0, 7, 368, 0
0, 8, 368, 0
0, 9, 369, 0
0, 10, 370, 0
0, 11, 369, 0
0, 12, 368, 0
0, 13, 369, 0
0, 14, 367, 0
0, 15, 370, 0
0, 16, 370, 0
0, 17, 369, 0
0, 18, 369, 0
0, 19, 370, 0
0, 20, 369, 0
0, 21, 369, 0
0, 22, 370, 0
0, 23, 370, 0
0, 24, 369, 0
0, 25, 368, 0
0, 26, 369, 0
0, 27, 369, 0
0, 28, 369, 0
0, 29, 369, 0
0, 30, 369, 0
0, 0, 0, 368
5800, 1, 376, 0
0, 2, 379, 0
0, 3, 383, 0
0, 4, 380, 0
0, 5, 382, 0
0, 6, 379, 0
0, 7, 380, 0
0, 8, 379, 0
0, 9, 378, 0
0, 10, 382, 0
0, 11, 380, 0
0, 12, 380, 0
0, 13, 378, 0
0, 14, 381, 0
0, 15, 381, 0
0, 16, 381, 0
0, 17, 380, 0
0, 18, 379, 0
0, 19, 381, 0
0, 20, 380, 0
0, 21, 382, 0
0, 22, 382, 0
0, 23, 379, 0
0, 24, 381, 0
0, 25, 380, 0
0, 26, 382, 0
0, 27, 382, 0
0, 28, 380, 0
0, 29, 380, 0
0, 30, 379, 0
0, 0, 0, 380
5850, 1, 373, 0
0, 2, 379, 0
0, 3, 379, 0
0, 4, 379, 0
0, 5, 378, 0
0, 6, 379, 0
0, 7, 376, 0
0, 8, 378, 0
0, 9, 376, 0
0, 10, 377, 0
0, 11, 377, 0
0, 12, 376, 0
0, 13, 376, 0
0, 14, 376, 0
0, 15, 377, 0
0, 16, 377, 0
0, 17, 377, 0
0, 18, 378, 0
0, 19, 377, 0
0, 20, 374, 0
0, 21, 374, 0
0, 22, 376, 0
0, 23, 376, 0
0, 24, 376, 0
0, 25, 374, 0
0, 26, 376, 0
0, 27, 376, 0
0, 28, 374, 0
0, 29, 376, 0
0, 30, 375, 0
0, 0, 0, 376
5900, 1, 385, 0
0, 2, 386, 0
0, 3, 388, 0
0, 4, 384, 0
0, 5, 388, 0
0, 6, 388, 0
0, 7, 389, 0
0, 8, 387, 0
0, 9, 388, 0
0, 10, 388, 0
0, 11, 389, 0
0, 12, 386, 0
0, 13, 385, 0
0, 14, 386, 0
0, 15, 388, 0
0, 16, 386, 0
0, 17, 388, 0
0, 18, 388, 0
0, 19, 387, 0
0, 20, 386, 0
0, 21, 387, 0
0, 22, 389, 0
0, 23, 386, 0
0, 24, 387, 0
0, 25, 388, 0
0, 26, 385, 0
0, 27, 386, 0
0, 28, 388, 0
0, 29, 388, 0
0, 30, 385, 0
0, 0, 0, 386
5950, 1, 382, 0
0, 2, 383, 0
0, 3, 385, 0
0, 4, 382, 0
0, 5, 383, 0
0, 6, 383, 0
0, 7, 384, 0
0, 8, 384, 0
0, 9, 384, 0
0, 10, 383, 0
0, 11, 384, 0
0, 12, 383, 0
0, 13, 383, 0
0, 14, 383, 0
0, 15, 381, 0
0, 16, 382, 0
0, 17, 382, 0
0, 18, 385, 0
0, 19, 383, 0
0, 20, 382, 0
0, 21, 386, 0
0, 22, 384, 0
0, 23, 387, 0
0, 24, 387, 0
0, 25, 385, 0
0, 26, 382, 0
0, 27, 385, 0
0, 28, 382, 0
0, 29, 384, 0
0, 30, 382, 0
0, 0, 0, 383
6000, 1, 389, 0
0, 2, 396, 0
0, 3, 396, 0
0, 4, 394, 0
0, 5, 395, 0
0, 6, 397, 0
0, 7, 396, 0
0, 8, 391, 0
0, 9, 394, 0
0, 10, 396, 0
0, 11, 395, 0
0, 12, 395, 0
0, 13, 396, 0
0, 14, 397, 0
0, 15, 395, 0
0, 16, 396, 0
0, 17, 396, 0
0, 18, 393, 0
0, 19, 396, 0
0, 20, 395, 0
0, 21, 395, 0
0, 22, 395, 0
0, 23, 393, 0
0, 24, 397, 0
0, 25, 394, 0
0, 26, 396, 0
0, 27, 392, 0
0, 28, 395, 0
0, 29, 393, 0
0, 30, 395, 0
0, 0, 0, 394
6050, 1, 387, 0
0, 2, 392, 0
0, 3, 392, 0
0, 4, 389, 0
0, 5, 392, 0
0, 6, 390, 0
0, 7, 391, 0
0, 8, 391, 0
0, 9, 389, 0
0, 10, 390, 0
0, 11, 390, 0
0, 12, 389, 0
0, 13, 390, 0
0, 14, 391, 0
0, 15, 393, 0
0, 16, 390, 0
0, 17, 391, 0
0, 18, 391, 0
0, 19, 390, 0
0, 20, 392, 0
0, 21, 391, 0
0, 22, 389, 0
0, 23, 391, 0
0, 24, 387, 0
0, 25, 389, 0
0, 26, 389, 0
0, 27, 391, 0
0, 28, 391, 0
0, 29, 392, 0
0, 30, 391, 0
0, 0, 0, 390
6100, 1, 398, 0
0, 2, 403, 0
0, 3, 403, 0
0, 4, 402, 0
0, 5, 404, 0
0, 6, 404, 0
0, 7, 403, 0
0, 8, 402, 0
0, 9, 401, 0
0, 10, 405, 0
0, 11, 400, 0
0, 12, 404, 0
0, 13, 402, 0
0, 14, 403, 0
0, 15, 404, 0
0, 16, 402, 0
0, 17, 402, 0
0, 18, 401, 0
0, 19, 400, 0
0, 20, 404, 0
0, 21, 403, 0
0, 22, 401, 0
0, 23, 402, 0
0, 24, 402, 0
0, 25, 403, 0
0, 26, 400, 0
0, 27, 405, 0
0, 28, 403, 0
0, 29, 403, 0
0, 30, 402, 0
0, 0, 0, 402
6150, 1, 394, 0
0, 2, 398, 0
0, 3, 396, 0
0, 4, 396, 0
0, 5, 397, 0
0, 6, 398, 0
0, 7, 398, 0
0, 8, 395, 0
0, 9, 396, 0
0, 10, 398, 0
0, 11, 397, 0
0, 12, 398, 0
0, 13, 399, 0
0, 14, 399, 0
0, 15, 400, 0
0, 16, 399, 0
0, 17, 399, 0
0, 18, 399, 0
0, 19, 399, 0
0, 20, 397, 0
0, 21, 399, 0
0, 22, 399, 0
0, 23, 398, 0
0, 24, 398, 0
0, 25, 400, 0
0, 26, 401, 0
0, 27, 400, 0
0, 28, 399, 0
0, 29, 400, 0
0, 30, 400, 0
0, 0, 0, 398
6200, 1, 409, 0
0, 2, 412, 0
0, 3, 410, 0
0, 4, 411, 0
0, 5, 412, 0
0, 6, 413, 0
0, 7, 410, 0
0, 8, 409, 0
0, 9, 410, 0
0, 10, 411, 0
0, 11, 413, 0
0, 12, 412, 0
0, 13, 409, 0
0, 14, 413, 0
0, 15, 411, 0
0, 16, 407, 0
0, 17, 409, 0
0, 18, 412, 0
0, 19, 411, 0
0, 20, 414, 0
0, 21, 427, 0
0, 22, 411, 0
0, 23, 414, 0
0, 24, 415, 0
0, 25, 415, 0
0, 26, 411, 0
0, 27, 411, 0
0, 28, 412, 0
0, 29, 413, 0
0, 30, 411, 0
0, 0, 0, 411
6250, 1, 404, 0
0, 2, 407, 0
0, 3, 406, 0
0, 4, 408, 0
0, 5, 408, 0
0, 6, 407, 0
0, 7, 405, 0
0, 8, 406, 0
0, 9, 408, 0
0, 10, 404, 0
0, 11, 407, 0
0, 12, 406, 0
0, 13, 407, 0
0, 14, 404, 0
0, 15, 404, 0
0, 16, 404, 0
0, 17, 407, 0
0, 18, 406, 0
0, 19, 404, 0
0, 20, 404, 0
0, 21, 408, 0
0, 22, 408, 0
0, 23, 406, 0
0, 24, 408, 0
0, 25, 407, 0
0, 26, 407, 0
0, 27, 405, 0
0, 28, 407, 0
0, 29, 408, 0
0, 30, 407, 0
0, 0, 0, 406
6300, 1, 417, 0
0, 2, 420, 0
0, 3, 417, 0
0, 4, 417, 0
0, 5, 419, 0
0, 6, 418, 0
0, 7, 417, 0
0, 8, 421, 0
0, 9, 420, 0
0, 10, 420, 0
0, 11, 419, 0
0, 12, 421, 0
0, 13, 417, 0
0, 14, 418, 0
0, 15, 420, 0
0, 16, 419, 0
0, 17, 422, 0
0, 18, 418, 0
0, 19, 420, 0
0, 20, 418, 0
0, 21, 417, 0
0, 22, 419, 0
0, 23, 417, 0
0, 24, 420, 0
0, 25, 420, 0
0, 26, 418, 0
0, 27, 420, 0
0, 28, 420, 0
0, 29, 417, 0
0, 30, 417, 0
0, 0, 0, 418
6350, 1, 423, 0
0, 2, 427, 0
0, 3, 426, 0
0, 4, 425, 0
0, 5, 428, 0
0, 6, 427, 0
0, 7, 427, 0
0, 8, 426, 0
0, 9, 426, 0
0, 10, 426, 0
0, 11, 426, 0
0, 12, 426, 0
0, 13, 426, 0
0, 14, 427, 0
0, 15, 425, 0
0, 16, 423, 0
0, 17, 425, 0
0, 18, 423, 0
0, 19, 422, 0
0, 20, 425, 0
0, 21, 421, 0
0, 22, 425, 0
0, 23, 424, 0
0, 24, 423, 0
0, 25, 426, 0
0, 26, 422, 0
0, 27, 428, 0
0, 28, 427, 0
0, 29, 428, 0
0, 30, 426, 0
0, 0, 0, 425
6400, 1, 427, 0
0, 2, 429, 0
0, 3, 428, 0
0, 4, 428, 0
0, 5, 429, 0
0, 6, 428, 0
0, 7, 430, 0
0, 8, 430, 0
0, 9, 429, 0
0, 10, 427, 0
0, 11, 429, 0
0, 12, 428, 0
0, 13, 430, 0
0, 14, 423, 0
0, 15, 426, 0
0, 16, 426, 0
0, 17, 427, 0
0, 18, 428, 0
0, 19, 428, 0
0, 20, 428, 0
0, 21, 427, 0
0, 22, 426, 0
0, 23, 427, 0
0, 24, 425, 0
0, 25, 427, 0
0, 26, 428, 0
0, 27, 427, 0
0, 28, 425, 0
0, 29, 428, 0
0, 30, 426, 0
0, 0, 0, 427
6450, 1, 418, 0
0, 2, 420, 0
0, 3, 419, 0
0, 4, 420, 0
0, 5, 421, 0
0, 6, 419, 0
0, 7, 419, 0
0, 8, 420, 0
0, 9, 420, 0
0, 10, 420, 0
0, 11, 421, 0
0, 12, 419, 0
0, 13, 421, 0
0, 14, 422, 0
0, 15, 433, 0
0, 16, 422, 0
0, 17, 419, 0
0, 18, 420, 0
0, 19, 419, 0
0, 20, 418, 0
0, 21, 421, 0
0, 22, 421, 0
0, 23, 420, 0
0, 24, 417, 0
0, 25, 421, 0
0, 26, 419, 0
0, 27, 414, 0
0, 28, 420, 0
0, 29, 422, 0
0, 30, 420, 0
0, 0, 0, 420
6500, 1, 430, 0
0, 2, 434, 0
0, 3, 435, 0
0, 4, 432, 0
0, 5, 434, 0
0, 6, 435, 0
0, 7, 433, 0
0, 8, 433, 0
0, 9, 433, 0
0, 10, 434, 0
0, 11, 431, 0
0, 12, 431, 0
0, 13, 434, 0
0, 14, 434, 0
0, 15, 432, 0
0, 16, 435, 0
0, 17, 434, 0
0, 18, 434, 0
0, 19, 432, 0
0, 20, 433, 0
0, 21, 435, 0
0, 22, 435, 0
0, 23, 434, 0
0, 24, 432, 0
0, 25, 432, 0
0, 26, 433, 0
0, 27, 434, 0
0, 28, 430, 0
0, 29, 435, 0
0, 30, 437, 0
0, 0, 0, 433
6550, 1, 423, 0
0, 2, 425, 0
0, 3, 428, 0
0, 4, 426, 0
0, 5, 426, 0
0, 6, 425, 0
0, 7, 424, 0
0, 8, 430, 0
0, 9, 426, 0
0, 10, 425, 0
0, 11, 427, 0
0, 12, 426, 0
0, 13, 426, 0
0, 14, 426, 0
0, 15, 425, 0
0, 16, 425, 0
0, 17, 426, 0
0, 18, 426, 0
0, 19, 425, 0
0, 20, 425, 0
0, 21, 425, 0
0, 22, 425, 0
0, 23, 427, 0
0, 24, 424, 0
0, 25, 425, 0
0, 26, 427, 0
0, 27, 427, 0
0, 28, 424, 0
0, 29, 426, 0
0, 30, 425, 0
0, 0, 0, 425
6600, 1, 436, 0
0, 2, 443, 0
0, 3, 444, 0
0, 4, 440, 0
0, 5, 440, 0
0, 6, 442, 0
0, 7, 443, 0
0, 8, 442, 0
0, 9, 442, 0
0, 10, 445, 0
0, 11, 444, 0
0, 12, 445, 0
0, 13, 446, 0
0, 14, 444, 0
0, 15, 443, 0
0, 16, 446, 0
0, 17, 445, 0
0, 18, 442, 0
0, 19, 439, 0
0, 20, 442, 0
0, 21, 442, 0
0, 22, 444, 0
0, 23, 445, 0
0, 24, 443, 0
0, 25, 443, 0
0, 26, 445, 0
0, 27, 443, 0
0, 28, 446, 0
0, 29, 444, 0
0, 30, 443, 0
0, 0, 0, 443
6650, 1, 431, 0
0, 2, 435, 0
0, 3, 435, 0
0, 4, 432, 0
0, 5, 431, 0
0, 6, 433, 0
0, 7, 430, 0
0, 8, 432, 0
0, 9, 435, 0
0, 10, 433, 0
0, 11, 433, 0
0, 12, 431, 0
0, 13, 433, 0
0, 14, 435, 0
0, 15, 431, 0
0, 16, 434, 0
0, 17, 434, 0
0, 18, 431, 0
0, 19, 430, 0
0, 20, 434, 0
0, 21, 435, 0
0, 22, 434, 0
0, 23, 434, 0
0, 24, 434, 0
0, 25, 430, 0
0, 26, 432, 0
0, 27, 432, 0
0, 28, 431, 0
0, 29, 433, 0
0, 30, 434, 0
0, 0, 0, 432
6700, 1, 443, 0
0, 2, 451, 0
0, 3, 465, 0
0, 4, 450, 0
0, 5, 450, 0
0, 6, 450, 0
0, 7, 449, 0
0, 8, 451, 0
0, 9, 449, 0
0, 10, 449, 0
0, 11, 449, 0
0, 12, 448, 0
0, 13, 448, 0
0, 14, 449, 0
0, 15, 449, 0
0, 16, 449, 0
0, 17, 449, 0
0, 18, 448, 0
0, 19, 450, 0
0, 20, 449, 0
0, 21, 450, 0
0, 22, 449, 0
0, 23, 447, 0
0, 24, 449, 0
0, 25, 448, 0
0, 26, 448, 0
0, 27, 450, 0
0, 28, 447, 0
0, 29, 451, 0
0, 30, 448, 0
0, 0, 0, 449
6750, 1, 437, 0
0, 2, 439, 0
0, 3, 441, 0
0, 4, 441, 0
0, 5, 442, 0
0, 6, 440, 0
0, 7, 440, 0
0, 8, 439, 0
0, 9, 439, 0
0, 10, 441, 0
0, 11, 441, 0
0, 12, 437, 0
0, 13, 441, 0
0, 14, 441, 0
0, 15, 440, 0
0, 16, 439, 0
0, 17, 439, 0
0, 18, 441, 0
0, 19, 441, 0
0, 20, 442, 0
0, 21, 440, 0
0, 22, 441, 0
0, 23, 439, 0
0, 24, 439, 0
0, 25, 441, 0
0, 26, 439, 0
0, 27, 441, 0
0, 28, 437, 0
0, 29, 441, 0
0, 30, 440, 0
0, 0, 0, 439
6800, 1, 453, 0
0, 2, 453, 0
0, 3, 459, 0
0, 4, 457, 0
0, 5, 453, 0
0, 6, 455, 0
0, 7, 454, 0
0, 8, 455, 0
0, 9, 457, 0
0, 10, 459, 0
0, 11, 454, 0
0, 12, 458, 0
0, 13, 460, 0
0, 14, 456, 0
0, 15, 458, 0
0, 16, 457, 0
0, 17, 456, 0
0, 18, 456, 0
0, 19, 455, 0
0, 20, 455, 0
0, 21, 457, 0
0, 22, 457, 0
0, 23, 458, 0
0, 24, 457, 0
0, 25, 457, 0
0, 26, 451, 0
0, 27, 455, 0
0, 28, 457, 0
0, 29, 456, 0
0, 30, 457, 0
0, 0, 0, 456
6850, 1, 443, 0
0, 2, 448, 0
0, 3, 451, 0
0, 4, 448, 0
0, 5, 446, 0
0, 6, 447, 0
0, 7, 449, 0
0, 8, 446, 0
0, 9, 447, 0
0, 10, 448, 0
0, 11, 448, 0
0, 12, 446, 0
0, 13, 446, 0
0, 14, 447, 0
0, 15, 449, 0
0, 16, 447, 0
0, 17, 446, 0
0, 18, 446, 0
0, 19, 445, 0
0, 20, 448, 0
0, 21, 446, 0
0, 22, 445, 0
0, 23, 448, 0
0, 24, 447, 0
0, 25, 444, 0
0, 26, 444, 0
0, 27, 447, 0
0, 28, 447, 0
0, 29, 447, 0
0, 30, 447, 0
0, 0, 0, 446
6900, 1, 459, 0
0, 2, 463, 0
0, 3, 462, 0
0, 4, 462, 0
0, 5, 461, 0
0, 6, 464, 0
0, 7, 464, 0
0, 8, 465, 0
0, 9, 461, 0
0, 10, 462, 0
0, 11, 464, 0
0, 12, 463, 0
0, 13, 461, 0
0, 14, 465, 0
0, 15, 463, 0
0, 16, 465, 0
0, 17, 465, 0
0, 18, 479, 0
0, 19, 465, 0
0, 20, 462, 0
0, 21, 464, 0
0, 22, 460, 0
0, 23, 463, 0
0, 24, 462, 0
0, 25, 463, 0
0, 26, 463, 0
0, 27, 464, 0
0, 28, 464, 0
0, 29, 462, 0
0, 30, 463, 0
0, 0, 0, 463
6950, 1, 445, 0
0, 2, 453, 0
0, 3, 454, 0
0, 4, 454, 0
0, 5, 451, 0
0, 6, 454, 0
0, 7, 454, 0
0, 8, 451, 0
0, 9, 454, 0
0, 10, 452, 0
0, 11, 453, 0
0, 12, 455, 0
0, 13, 454, 0
0, 14, 454, 0
0, 15, 454, 0
0, 16, 453, 0
0, 17, 454, 0
0, 18, 453, 0
0, 19, 451, 0
0, 20, 453, 0
0, 21, 452, 0
0, 22, 453, 0
0, 23, 454, 0
0, 24, 453, 0
0, 25, 453, 0
0, 26, 453, 0
0, 27, 452, 0
0, 28, 453, 0
0, 29, 453, 0
0, 30, 453, 0
0, 0, 0, 452
7000, 1, 467, 0
0, 2, 468, 0
0, 3, 469, 0
0, 4, 471, 0
0, 5, 471, 0
0, 6, 473, 0
0, 7, 467, 0
0, 8, 469, 0
0, 9, 470, 0
0, 10, 471, 0
0, 11, 468, 0
0, 12, 471, 0
0, 13, 469, 0
0, 14, 471, 0
0, 15, 471, 0
0, 16, 470, 0
0, 17, 469, 0
0, 18, 471, 0
0, 19, 470, 0
0, 20, 464, 0
0, 21, 472, 0
0, 22, 468, 0
0, 23, 473, 0
0, 24, 472, 0
0, 25, 468, 0
0, 26, 468, 0
0, 27, 471, 0
0, 28, 472, 0
0, 29, 472, 0
0, 30, 471, 0
0, 0, 0, 469
7050, 1, 456, 0
0, 2, 461, 0
0, 3, 462, 0
0, 4, 461, 0
0, 5, 459, 0
0, 6, 461, 0
0, 7, 463, 0
0, 8, 460, 0
0, 9, 459, 0
0, 10, 461, 0
0, 11, 460, 0
0, 12, 460, 0
0, 13, 458, 0
0, 14, 460, 0
0, 15, 459, 0
0, 16, 460, 0
0, 17, 460, 0
0, 18, 460, 0
0, 19, 461, 0
0, 20, 458, 0
0, 21, 460, 0
0, 22, 462, 0
0, 23, 458, 0
0, 24, 458, 0
0, 25, 459, 0
0, 26, 458, 0
0, 27, 458, 0
0, 28, 455, 0
0, 29, 460, 0
0, 30, 461, 0
0, 0, 0, 459
7100, 1, 474, 0
0, 2, 480, 0
0, 3, 475, 0
0, 4, 478, 0
0, 5, 479, 0
0, 6, 477, 0
0, 7, 478, 0
0, 8, 479, 0
0, 9, 475, 0
0, 10, 479, 0
0, 11, 476, 0
0, 12, 478, 0
0, 13, 480, 0
0, 14, 478, 0
0, 15, 479, 0
0, 16, 477, 0
0, 17, 477, 0
0, 18, 477, 0
0, 19, 477, 0
0, 20, 478, 0
0, 21, 476, 0
0, 22, 476, 0
0, 23, 477, 0
0, 24, 478, 0
0, 25, 480, 0
0, 26, 476, 0
0, 27, 480, 0
0, 28, 493, 0
0, 29, 477, 0
0, 30, 478, 0
0, 0, 0, 478
7150, 1, 462, 0
0, 2, 460, 0
0, 3, 468, 0
0, 4, 467, 0
0, 5, 467, 0
0, 6, 466, 0
0, 7, 465, 0
0, 8, 466, 0
0, 9, 467, 0
0, 10, 467, 0
0, 11, 467, 0
0, 12, 467, 0
0, 13, 469, 0
0, 14, 465, 0
0, 15, 466, 0
0, 16, 468, 0
0, 17, 465, 0
0, 18, 468, 0
0, 19, 469, 0
0, 20, 468, 0
0, 21, 467, 0
0, 22, 467, 0
0, 23, 467, 0
0, 24, 467, 0
0, 25, 467, 0
0, 26, 468, 0
0, 27, 467, 0
0, 28, 466, 0
0, 29, 468, 0
0, 30, 468, 0
0, 0, 0, 466
7200, 1, 482, 0
0, 2, 488, 0
0, 3, 488, 0
0, 4, 487, 0
0, 5, 489, 0
0, 6, 488, 0
0, 7, 486, 0
0, 8, 488, 0
0, 9, 488, 0
0, 10, 486, 0
0, 11, 488, 0
0, 12, 488, 0
0, 13, 487, 0
0, 14, 487, 0
0, 15, 486, 0
0, 16, 488, 0
0, 17, 485, 0
0, 18, 485, 0
0, 19, 486, 0
0, 20, 486, 0
0, 21, 488, 0
0, 22, 486, 0
0, 23, 489, 0
0, 24, 487, 0
0, 25, 489, 0
0, 26, 490, 0
0, 27, 493, 0
0, 28, 492, 0
0, 29, 519, 0
0, 30, 496, 0
0, 0, 0, 488
7250, 1, 473, 0
0, 2, 497, 0
0, 3, 511, 0
0, 4, 491, 0
0, 5, 492, 0
0, 6, 481, 0
0, 7, 476, 0
0, 8, 482, 0
0, 9, 476, 0
0, 10, 476, 0
0, 11, 475, 0
0, 12, 477, 0
0, 13, 477, 0
0, 14, 476, 0
0, 15, 477, 0
0, 16, 476, 0
0, 17, 475, 0
0, 18, 478, 0
0, 19, 475, 0
0, 20, 476, 0
0, 21, 478, 0
0, 22, 476, 0
0, 23, 477, 0
0, 24, 477, 0
0, 25, 475, 0
0, 26, 474, 0
0, 27, 475, 0
0, 28, 474, 0
0, 29, 479, 0
0, 30, 478, 0
0, 0, 0, 479
7300, 1, 491, 0
0, 2, 495, 0
0, 3, 496, 0
0, 4, 492, 0
0, 5, 494, 0
0, 6, 494, 0
0, 7, 495, 0
0, 8, 495, 0
0, 9, 496, 0
0, 10, 494, 0
0, 11, 495, 0
0, 12, 495, 0
0, 13, 491, 0
0, 14, 493, 0
0, 15, 491, 0
0, 16, 495, 0
0, 17, 495, 0
0, 18, 497, 0
0, 19, 495, 0
0, 20, 501, 0
0, 21, 493, 0
0, 22, 493, 0
0, 23, 494, 0
0, 24, 494, 0
0, 25, 495, 0
0, 26, 496, 0
0, 27, 494, 0
0, 28, 493, 0
0, 29, 497, 0
0, 30, 497, 0
0, 0, 0, 494
7350, 1, 481, 0
0, 2, 485, 0
0, 3, 483, 0
0, 4, 498, 0
0, 5, 486, 0
0, 6, 483, 0
0, 7, 486, 0
0, 8, 484, 0
0, 9, 483, 0
0, 10, 484, 0
0, 11, 484, 0
0, 12, 484, 0
0, 13, 486, 0
0, 14, 482, 0
0, 15, 485, 0
0, 16, 482, 0
0, 17, 482, 0
0, 18, 484, 0
0, 19, 484, 0
0, 20, 485, 0
0, 21, 486, 0
0, 22, 483, 0
0, 23, 487, 0
0, 24, 484, 0
0, 25, 484, 0
0, 26, 483, 0
0, 27, 483, 0
0, 28, 484, 0
0, 29, 485, 0
0, 30, 481, 0
0, 0, 0, 484
7400, 1, 497, 0
0, 2, 503, 0
0, 3, 495, 0
0, 4, 500, 0
0, 5, 503, 0
0, 6, 501, 0
0, 7, 502, 0
0, 8, 500, 0
0, 9, 504, 0
0, 10, 502, 0
0, 11, 500, 0
0, 12, 503, 0
0, 13, 501, 0
0, 14, 500, 0
0, 15, 503, 0
0, 16, 502, 0
0, 17, 502, 0
0, 18, 505, 0
0, 19, 502, 0
0, 20, 500, 0
0, 21, 499, 0
0, 22, 501, 0
0, 23, 502, 0
0, 24, 500, 0
0, 25, 502, 0
0, 26, 501, 0
0, 27, 502, 0
0, 28, 513, 0
0, 29, 499, 0
0, 30, 502, 0
0, 0, 0, 501
7450, 1, 486, 0
0, 2, 493, 0
0, 3, 493, 0
0, 4, 489, 0
0, 5, 496, 0
0, 6, 492, 0
0, 7, 490, 0
0, 8, 491, 0
0, 9, 493, 0
0, 10, 492, 0
0, 11, 488, 0
0, 12, 493, 0
0, 13, 490, 0
0, 14, 491, 0
0, 15, 490, 0
0, 16, 487, 0
0, 17, 491, 0
0, 18, 493, 0
0, 19, 490, 0
0, 20, 492, 0
0, 21, 492, 0
0, 22, 492, 0
0, 23, 492, 0
0, 24, 488, 0
0, 25, 493, 0
0, 26, 493, 0
0, 27, 487, 0
0, 28, 489, 0
0, 29, 491, 0
0, 30, 491, 0
0, 0, 0, 490
7500, 1, 506, 0
0, 2, 509, 0
0, 3, 508, 0
0, 4, 507, 0
0, 5, 509, 0
0, 6, 509, 0
0, 7, 509, 0
0, 8, 509, 0
0, 9, 510, 0
0, 10, 510, 0
0, 11, 509, 0
0, 12, 509, 0
0, 13, 506, 0
0, 14, 509, 0
0, 15, 510, 0
0, 16, 509, 0
0, 17, 509, 0
0, 18, 509, 0
0, 19, 511, 0
0, 20, 516, 0
0, 21, 550, 0
0, 22, 535, 0
0, 23, 525, 0
0, 24, 519, 0
0, 25, 521, 0
0, 26, 518, 0
0, 27, 521, 0
0, 28, 509, 0
0, 29, 523, 0
0, 30, 513, 0
0, 0, 0, 513
7550, 1, 501, 0
0, 2, 500, 0
0, 3, 499, 0
0, 4, 500, 0
0, 5, 499, 0
0, 6, 513, 0
0, 7, 498, 0
0, 8, 498, 0
0, 9, 499, 0
0, 10, 497, 0
0, 11, 498, 0
0, 12, 498, 0
0, 13, 498, 0
0, 14, 499, 0
0, 15, 498, 0
0, 16, 499, 0
0, 17, 499, 0
0, 18, 498, 0
0, 19, 498, 0
0, 20, 497, 0
0, 21, 497, 0
0, 22, 498, 0
0, 23, 498, 0
0, 24, 499, 0
0, 25, 498, 0
0, 26, 499, 0
0, 27, 498, 0
0, 28, 496, 0
0, 29, 497, 0
0, 30, 499, 0
0, 0, 0, 498
7600, 1, 510, 0
0, 2, 518, 0
0, 3, 514, 0
0, 4, 517, 0
0, 5, 512, 0
0, 6, 516, 0
0, 7, 516, 0
0, 8, 519, 0
0, 9, 518, 0
0, 10, 517, 0
0, 11, 515, 0
0, 12, 512, 0
0, 13, 517, 0
0, 14, 515, 0
0, 15, 517, 0
0, 16, 517, 0
0, 17, 515, 0
0, 18, 514, 0
0, 19, 514, 0
0, 20, 518, 0
0, 21, 515, 0
0, 22, 517, 0
0, 23, 512, 0
0, 24, 515, 0
0, 25, 513, 0
0, 26, 517, 0
0, 27, 514, 0
0, 28, 517, 0
0, 29, 520, 0
0, 30, 520, 0
0, 0, 0, 515
7650, 1, 526, 0
0, 2, 527, 0
0, 3, 530, 0
0, 4, 518, 0
0, 5, 514, 0
0, 6, 525, 0
0, 7, 505, 0
0, 8, 504, 0
0, 9, 504, 0
0, 10, 505, 0
0, 11, 503, 0
0, 12, 503, 0
0, 13, 502, 0
0, 14, 505, 0
0, 15, 502, 0
0, 16, 503, 0
0, 17, 504, 0
0, 18, 503, 0
0, 19, 504, 0
0, 20, 504, 0
0, 21, 506, 0
0, 22, 502, 0
0, 23, 503, 0
0, 24, 505, 0
0, 25, 502, 0
0, 26, 503, 0
0, 27, 503, 0
0, 28, 503, 0
0, 29, 504, 0
0, 30, 499, 0
0, 0, 0, 507
7700, 1, 518, 0
0, 2, 524, 0
0, 3, 522, 0
0, 4, 522, 0
0, 5, 520, 0
0, 6, 522, 0
0, 7, 522, 0
0, 8, 521, 0
0, 9, 522, 0
0, 10, 521, 0
0, 11, 523, 0
0, 12, 523, 0
0, 13, 523, 0
0, 14, 520, 0
0, 15, 521, 0
0, 16, 521, 0
0, 17, 522, 0
0, 18, 520, 0
0, 19, 522, 0
0, 20, 518, 0
0, 21, 522, 0
0, 22, 522, 0
0, 23, 522, 0
0, 24, 521, 0
0, 25, 522, 0
0, 26, 521, 0
0, 27, 523, 0
0, 28, 521, 0
0, 29, 524, 0
0, 30, 524, 0
0, 0, 0, 521
7750, 1, 509, 0
0, 2, 513, 0
0, 3, 510, 0
0, 4, 511, 0
0, 5, 528, 0
0, 6, 512, 0
0, 7, 512, 0
0, 8, 511, 0
0, 9, 513, 0
0, 10, 509, 0
0, 11, 511, 0
0, 12, 511, 0
0, 13, 511, 0
0, 14, 513, 0
0, 15, 512, 0
0, 16, 511, 0
0, 17, 510, 0
0, 18, 511, 0
0, 19, 511, 0
0, 20, 513, 0
0, 21, 511, 0
0, 22, 515, 0
0, 23, 510, 0
0, 24, 513, 0
0, 25, 511, 0
0, 26, 512, 0
0, 27, 510, 0
0, 28, 511, 0
0, 29, 509, 0
0, 30, 508, 0
0, 0, 0, 511
7800, 1, 524, 0
0, 2, 530, 0
0, 3, 529, 0
0, 4, 527, 0
0, 5, 528, 0
0, 6, 527, 0
0, 7, 526, 0
0, 8, 529, 0
0, 9, 525, 0
0, 10, 529, 0
0, 11, 528, 0
0, 12, 528, 0
0, 13, 529, 0
0, 14, 527, 0
0, 15, 529, 0
0, 16, 528, 0
0, 17, 528, 0
0, 18, 528, 0
0, 19, 527, 0
0, 20, 530, 0
0, 21, 529, 0
0, 22, 526, 0
0, 23, 528, 0
0, 24, 529, 0
0, 25, 529, 0
0, 26, 528, 0
0, 27, 529, 0
0, 28, 530, 0
0, 29, 529, 0
0, 30, 530, 0
0, 0, 0, 528
7850, 1, 516, 0
0, 2, 519, 0
0, 3, 534, 0
0, 4, 517, 0
0, 5, 518, 0
0, 6, 520, 0
0, 7, 520, 0
0, 8, 518, 0
0, 9, 519, 0
0, 10, 519, 0
0, 11, 518, 0
0, 12, 520, 0
0, 13, 518, 0
0, 14, 520, 0
0, 15, 519, 0
0, 16, 517, 0
0, 17, 518, 0
0, 18, 520, 0
0, 19, 517, 0
0, 20, 522, 0
0, 21, 519, 0
0, 22, 518, 0
0, 23, 518, 0
0, 24, 518, 0
0, 25, 516, 0
0, 26, 520, 0
0, 27, 519, 0
0, 28, 518, 0
0, 29, 518, 0
0, 30, 518, 0
0, 0, 0, 519
7900, 1, 531, 0
0, 2, 536, 0
0, 3, 534, 0
0, 4, 535, 0
0, 5, 535, 0
0, 6, 534, 0
0, 7, 531, 0
0, 8, 535, 0
0, 9, 535, 0
0, 10, 536, 0
0, 11, 534, 0
0, 12, 534, 0
0, 13, 536, 0
0, 14, 531, 0
0, 15, 533, 0
0, 16, 533, 0
0, 17, 535, 0
0, 18, 535, 0
0, 19, 534, 0
0, 20, 534, 0
0, 21, 535, 0
0, 22, 530, 0
0, 23, 534, 0
0, 24, 534, 0
0, 25, 535, 0
0, 26, 535, 0
0, 27, 535, 0
0, 28, 537, 0
0, 29, 535, 0
0, 30, 550, 0
0, 0, 0, 534
7950, 1, 518, 0
0, 2, 538, 0
0, 3, 527, 0
0, 4, 525, 0
0, 5, 525, 0
0, 6, 526, 0
0, 7, 526, 0
0, 8, 527, 0
0, 9, 524, 0
0, 10, 524, 0
0, 11, 527, 0
0, 12, 526, 0
0, 13, 526, 0
0, 14, 526, 0
0, 15, 525, 0
0, 16, 524, 0
0, 17, 525, 0
0, 18, 526, 0
0, 19, 526, 0
0, 20, 527, 0
0, 21, 526, 0
0, 22, 526, 0
0, 23, 527, 0
0, 24, 526, 0
0, 25, 525, 0
0, 26, 526, 0
0, 27, 526, 0
0, 28, 526, 0
0, 29, 524, 0
0, 30, 525, 0
0, 0, 0, 525
8000, 1, 538, 0
0, 2, 545, 0
0, 3, 542, 0
0, 4, 540, 0
0, 5, 542, 0
0, 6, 541, 0
0, 7, 542, 0
0, 8, 542, 0
0, 9, 542, 0
0, 10, 542, 0
0, 11, 543, 0
0, 12, 543, 0
0, 13, 541, 0
0, 14, 540, 0
0, 15, 540, 0
0, 16, 543, 0
0, 17, 542, 0
0, 18, 543, 0
0, 19, 541, 0
0, 20, 540, 0
0, 21, 543, 0
0, 22, 542, 0
0, 23, 543, 0
0, 24, 543, 0
0, 25, 542, 0
0, 26, 542, 0
0, 27, 558, 0
0, 28, 542, 0
0, 29, 542, 0
0, 30, 542, 0
0, 0, 0, 542
8050, 1, 528, 0
0, 2, 537, 0
0, 3, 534, 0
0, 4, 533, 0
0, 5, 534, 0
0, 6, 532, 0
0, 7, 534, 0
0, 8, 534, 0
0, 9, 534, 0
0, 10, 535, 0
0, 11, 533, 0
0, 12, 532, 0
0, 13, 534, 0
0, 14, 534, 0
0, 15, 532, 0
0, 16, 532, 0
0, 17, 531, 0
0, 18, 534, 0
0, 19, 534, 0
0, 20, 534, 0
0, 21, 533, 0
0, 22, 534, 0
0, 23, 534, 0
0, 24, 534, 0
0, 25, 533, 0
0, 26, 532, 0
0, 27, 532, 0
0, 28, 534, 0
0, 29, 536, 0
0, 30, 534, 0
0, 0, 0, 533
8100, 1, 546, 0
0, 2, 552, 0
0, 3, 550, 0
0, 4, 549, 0
0, 5, 549, 0
0, 6, 549, 0
0, 7, 548, 0
0, 8, 548, 0
0, 9, 549, 0
0, 10, 549, 0
0, 11, 550, 0
0, 12, 546, 0
0, 13, 549, 0
0, 14, 549, 0
0, 15, 548, 0
0, 16, 547, 0
0, 17, 548, 0
0, 18, 550, 0
0, 19, 549, 0
0, 20, 548, 0
0, 21, 549, 0
0, 22, 551, 0
0, 23, 565, 0
0, 24, 550, 0
0, 25, 550, 0
0, 26, 547, 0
0, 27, 549, 0
0, 28, 547, 0
0, 29, 549, 0
0, 30, 551, 0
0, 0, 0, 549
8150, 1, 536, 0
0, 2, 545, 0
0, 3, 542, 0
0, 4, 542, 0
0, 5, 541, 0
0, 6, 541, 0
0, 7, 548, 0
0, 8, 542, 0
0, 9, 542, 0
0, 10, 539, 0
0, 11, 541, 0
0, 12, 540, 0
0, 13, 542, 0
0, 14, 543, 0
0, 15, 542, 0
0, 16, 542, 0
0, 17, 542, 0
0, 18, 543, 0
0, 19, 544, 0
0, 20, 543, 0
0, 21, 542, 0
0, 22, 542, 0
0, 23, 541, 0
0, 24, 541, 0
0, 25, 547, 0
0, 26, 542, 0
0, 27, 542, 0
0, 28, 541, 0
0, 29, 538, 0
0, 30, 539, 0
0, 0, 0, 541
8200, 1, 550, 0
0, 2, 559, 0
0, 3, 557, 0
0, 4, 556, 0
0, 5, 556, 0
0, 6, 558, 0
0, 7, 556, 0
0, 8, 554, 0
0, 9, 554, 0
0, 10, 555, 0
0, 11, 554, 0
0, 12, 555, 0
0, 13, 557, 0
0, 14, 558, 0
0, 15, 554, 0
0, 16, 556, 0
0, 17, 556, 0
0, 18, 555, 0
0, 19, 571, 0
0, 20, 553, 0
0, 21, 555, 0
0, 22, 555, 0
0, 23, 557, 0
0, 24, 556, 0
0, 25, 554, 0
0, 26, 555, 0
0, 27, 557, 0
0, 28, 554, 0
0, 29, 556, 0
0, 30, 557, 0
0, 0, 0, 556
8250, 1, 545, 0
0, 2, 551, 0
0, 3, 550, 0
0, 4, 549, 0
0, 5, 548, 0
0, 6, 551, 0
0, 7, 550, 0
0, 8, 551, 0
0, 9, 549, 0
0, 10, 549, 0
0, 11, 551, 0
0, 12, 549, 0
0, 13, 549, 0
0, 14, 549, 0
0, 15, 549, 0
0, 16, 546, 0
0, 17, 548, 0
0, 18, 549, 0
0, 19, 549, 0
0, 20, 551, 0
0, 21, 549, 0
0, 22, 549, 0
0, 23, 549, 0
0, 24, 549, 0
0, 25, 549, 0
0, 26, 551, 0
0, 27, 548, 0
0, 28, 548, 0
0, 29, 546, 0
0, 30, 547, 0
0, 0, 0, 548
8300, 1, 559, 0
0, 2, 564, 0
0, 3, 559, 0
0, 4, 561, 0
0, 5, 562, 0
0, 6, 562, 0
0, 7, 564, 0
0, 8, 563, 0
0, 9, 561, 0
0, 10, 563, 0
0, 11, 564, 0
0, 12, 561, 0
0, 13, 578, 0
0, 14, 563, 0
0, 15, 560, 0
0, 16, 561, 0
0, 17, 562, 0
0, 18, 560, 0
0, 19, 564, 0
0, 20, 563, 0
0, 21, 562, 0
0, 22, 562, 0
0, 23, 563, 0
0, 24, 563, 0
0, 25, 563, 0
0, 26, 562, 0
0, 27, 560, 0
0, 28, 561, 0
0, 29, 562, 0
0, 30, 563, 0
0, 0, 0, 562
8350, 1, 550, 0
0, 2, 564, 0
0, 3, 557, 0
0, 4, 559, 0
0, 5, 557, 0
0, 6, 555, 0
0, 7, 556, 0
0, 8, 557, 0
0, 9, 556, 0
0, 10, 558, 0
0, 11, 556, 0
0, 12, 555, 0
0, 13, 556, 0
0, 14, 557, 0
0, 15, 558, 0
0, 16, 558, 0
0, 17, 557, 0
0, 18, 558, 0
0, 19, 558, 0
0, 20, 556, 0
0, 21, 558, 0
0, 22, 558, 0
0, 23, 556, 0
0, 24, 557, 0
0, 25, 559, 0
0, 26, 556, 0
0, 27, 557, 0
0, 28, 556, 0
0, 29, 557, 0
0, 30, 557, 0
0, 0, 0, 556
8400, 1, 567, 0
0, 2, 571, 0
0, 3, 570, 0
0, 4, 570, 0
0, 5, 571, 0
0, 6, 567, 0
0, 7, 574, 0
0, 8, 567, 0
0, 9, 569, 0
0, 10, 568, 0
0, 11, 569, 0
0, 12, 568, 0
0, 13, 569, 0
0, 14, 569, 0
0, 15, 569, 0
0, 16, 569, 0
0, 17, 565, 0
0, 18, 570, 0
0, 19, 569, 0
0, 20, 569, 0
0, 21, 571, 0
0, 22, 570, 0
0, 23, 569, 0
0, 24, 570, 0
0, 25, 569, 0
0, 26, 570, 0
0, 27, 569, 0
0, 28, 570, 0
0, 29, 570, 0
0, 30, 567, 0
0, 0, 0, 569
8450, 1, 559, 0
0, 2, 565, 0
0, 3, 565, 0
0, 4, 564, 0
0, 5, 563, 0
0, 6, 562, 0
0, 7, 564, 0
0, 8, 563, 0
0, 9, 564, 0
0, 10, 563, 0
0, 11, 563, 0
0, 12, 564, 0
0, 13, 565, 0
0, 14, 565, 0
0, 15, 563, 0
0, 16, 566, 0
0, 17, 569, 0
0, 18, 563, 0
0, 19, 561, 0
0, 20, 561, 0
0, 21, 564, 0
0, 22, 563, 0
0, 23, 564, 0
0, 24, 564, 0
0, 25, 565, 0
0, 26, 563, 0
0, 27, 563, 0
0, 28, 565, 0
0, 29, 565, 0
0, 30, 564, 0
0, 0, 0, 563
8500, 1, 589, 0
0, 2, 578, 0
0, 3, 580, 0
0, 4, 578, 0
0, 5, 577, 0
0, 6, 577, 0
0, 7, 576, 0
0, 8, 576, 0
0, 9, 576, 0
0, 10, 574, 0
0, 11, 576, 0
0, 12, 576, 0
0, 13, 577, 0
0, 14, 576, 0
0, 15, 577, 0
0, 16, 575, 0
0, 17, 575, 0
0, 18, 577, 0
0, 19, 576, 0
0, 20, 576, 0
0, 21, 576, 0
0, 22, 574, 0
0, 23, 576, 0
0, 24, 578, 0
0, 25, 577, 0
0, 26, 573, 0
0, 27, 576, 0
0, 28, 575, 0
0, 29, 574, 0
0, 30, 575, 0
0, 0, 0, 576
8550, 1, 566, 0
0, 2, 572, 0
0, 3, 571, 0
0, 4, 568, 0
0, 5, 571, 0
0, 6, 571, 0
0, 7, 574, 0
0, 8, 569, 0
0, 9, 571, 0
0, 10, 573, 0
0, 11, 570, 0
0, 12, 570, 0
0, 13, 572, 0
0, 14, 571, 0
0, 15, 572, 0
0, 16, 571, 0
0, 17, 571, 0
0, 18, 574, 0
0, 19, 572, 0
0, 20, 578, 0
0, 21, 572, 0
0, 22, 572, 0
0, 23, 587, 0
0, 24, 572, 0
0, 25, 571, 0
0, 26, 570, 0
0, 27, 573, 0
0, 28, 572, 0
0, 29, 572, 0
0, 30, 571, 0
0, 0, 0, 571
8600, 1, 578, 0
0, 2, 585, 0
0, 3, 582, 0
0, 4, 584, 0
0, 5, 581, 0
0, 6, 584, 0
0, 7, 583, 0
0, 8, 583, 0
0, 9, 581, 0
0, 10, 583, 0
0, 11, 583, 0
0, 12, 582, 0
0, 13, 582, 0
0, 14, 582, 0
0, 15, 583, 0
0, 16, 584, 0
0, 17, 583, 0
0, 18, 582, 0
0, 19, 581, 0
0, 20, 583, 0
0, 21, 582, 0
0, 22, 583, 0
0, 23, 581, 0
0, 24, 581, 0
0, 25, 581, 0
0, 26, 582, 0
0, 27, 583, 0
0, 28, 582, 0
0, 29, 581, 0
0, 30, 582, 0
0, 0, 0, 582
8650, 1, 574, 0
0, 2, 579, 0
0, 3, 580, 0
0, 4, 579, 0
0, 5, 577, 0
0, 6, 577, 0
0, 7, 577, 0
0, 8, 578, 0
0, 9, 580, 0
0, 10, 580, 0
0, 11, 580, 0
0, 12, 579, 0
0, 13, 581, 0
0, 14, 578, 0
0, 15, 591, 0
0, 16, 579, 0
0, 17, 577, 0
0, 18, 579, 0
0, 19, 575, 0
0, 20, 580, 0
0, 21, 578, 0
0, 22, 579, 0
0, 23, 579, 0
0, 24, 578, 0
0, 25, 578, 0
0, 26, 583, 0
0, 27, 580, 0
0, 28, 580, 0
0, 29, 576, 0
0, 30, 581, 0
0, 0, 0, 579
8700, 1, 584, 0
0, 2, 591, 0
0, 3, 590, 0
0, 4, 588, 0
0, 5, 590, 0
0, 6, 589, 0
0, 7, 590, 0
0, 8, 587, 0
0, 9, 590, 0
0, 10, 590, 0
0, 11, 590, 0
0, 12, 589, 0
0, 13, 590, 0
0, 14, 589, 0
0, 15, 591, 0
0, 16, 591, 0
0, 17, 590, 0
0, 18, 590, 0
0, 19, 590, 0
0, 20, 590, 0
0, 21, 584, 0
0, 22, 592, 0
0, 23, 589, 0
0, 24, 591, 0
0, 25, 590, 0
0, 26, 590, 0
0, 27, 588, 0
0, 28, 588, 0
0, 29, 590, 0
0, 30, 589, 0
0, 0, 0, 589
8750, 1, 583, 0
0, 2, 590, 0
0, 3, 586, 0
0, 4, 586, 0
0, 5, 584, 0
0, 6, 586, 0
0, 7, 602, 0
0, 8, 587, 0
0, 9, 588, 0
0, 10, 585, 0
0, 11, 586, 0
0, 12, 587, 0
0, 13, 582, 0
0, 14, 583, 0
0, 15, 584, 0
0, 16, 585, 0
0, 17, 583, 0
0, 18, 584, 0
0, 19, 586, 0
0, 20, 583, 0
0, 21, 585, 0
0, 22, 583, 0
0, 23, 584, 0
0, 24, 587, 0
0, 25, 589, 0
0, 26, 586, 0
0, 27, 588, 0
0, 28, 584, 0
0, 29, 586, 0
0, 30, 585, 0
0, 0, 0, 585
8800, 1, 596, 0
0, 2, 597, 0
0, 3, 595, 0
0, 4, 595, 0
0, 5, 599, 0
0, 6, 596, 0
0, 7, 596, 0
0, 8, 596, 0
0, 9, 596, 0
0, 10, 595, 0
0, 11, 596, 0
0, 12, 600, 0
0, 13, 593, 0
0, 14, 599, 0
0, 15, 596, 0
0, 16, 597, 0
0, 17, 597, 0
0, 18, 597, 0
0, 19, 594, 0
0, 20, 596, 0
0, 21, 597, 0
0, 22, 597, 0
0, 23, 596, 0
0, 24, 597, 0
0, 25, 597, 0
0, 26, 595, 0
0, 27, 596, 0
0, 28, 605, 0
0, 29, 597, 0
0, 30, 595, 0
0, 0, 0, 596
8850, 1, 589, 0
0, 2, 593, 0
0, 3, 592, 0
0, 4, 596, 0
0, 5, 591, 0
0, 6, 594, 0
0, 7, 591, 0
0, 8, 592, 0
0, 9, 591, 0
0, 10, 592, 0
0, 11, 591, 0
0, 12, 599, 0
0, 13, 595, 0
0, 14, 591, 0
0, 15, 597, 0
0, 16, 593, 0
0, 17, 592, 0
0, 18, 591, 0
0, 19, 593, 0
0, 20, 592, 0
0, 21, 596, 0
0, 22, 595, 0
0, 23, 592, 0
0, 24, 592, 0
0, 25, 592, 0
0, 26, 592, 0
0, 27, 593, 0
0, 28, 593, 0
0, 29, 592, 0
0, 30, 593, 0
0, 0, 0, 592
8900, 1, 599, 0
0, 2, 604, 0
0, 3, 604, 0
0, 4, 602, 0
0, 5, 603, 0
0, 6, 602, 0
0, 7, 600, 0
0, 8, 601, 0
0, 9, 602, 0
0, 10, 602, 0
0, 11, 601, 0
0, 12, 601, 0
0, 13, 603, 0
0, 14, 603, 0
0, 15, 603, 0
0, 16, 600, 0
0, 17, 603, 0
0, 18, 602, 0
0, 19, 614, 0
0, 20, 603, 0
0, 21, 603, 0
0, 22, 602, 0
0, 23, 603, 0
0, 24, 602, 0
0, 25, 603, 0
0, 26, 603, 0
0, 27, 603, 0
0, 28, 602, 0
0, 29, 602, 0
0, 30, 603, 0
0, 0, 0, 602
8950, 1, 595, 0
0, 2, 601, 0
0, 3, 603, 0
0, 4, 602, 0
0, 5, 597, 0
0, 6, 599, 0
0, 7, 600, 0
0, 8, 600, 0
0, 9, 600, 0
0, 10, 602, 0
0, 11, 600, 0
0, 12, 597, 0
0, 13, 601, 0
0, 14, 600, 0
0, 15, 599, 0
0, 16, 602, 0
0, 17, 599, 0
0, 18, 605, 0
0, 19, 598, 0
0, 20, 599, 0
0, 21, 599, 0
0, 22, 599, 0
0, 23, 600, 0
0, 24, 604, 0
0, 25, 602, 0
0, 26, 599, 0
0, 27, 599, 0
0, 28, 600, 0
0, 29, 599, 0
0, 30, 601, 0
0, 0, 0, 600
9000, 1, 605, 0
0, 2, 612, 0
0, 3, 611, 0
0, 4, 612, 0
0, 5, 612, 0
0, 6, 608, 0
0, 7, 614, 0
0, 8, 610, 0
0, 9, 625, 0
0, 10, 610, 0
0, 11, 609, 0
0, 12, 610, 0
0, 13, 609, 0
0, 14, 610, 0
0, 15, 610, 0
0, 16, 608, 0
0, 17, 609, 0
0, 18, 608, 0
0, 19, 611, 0
0, 20, 610, 0
0, 21, 608, 0
0, 22, 610, 0
0, 23, 610, 0
0, 24, 612, 0
0, 25, 609, 0
0, 26, 610, 0
0, 27, 609, 0
0, 28, 609, 0
0, 29, 610, 0
0, 30, 607, 0
0, 0, 0, 610
9050, 1, 603, 0
0, 2, 608, 0
0, 3, 607, 0
0, 4, 608, 0
0, 5, 608, 0
0, 6, 611, 0
0, 7, 607, 0
0, 8, 606, 0
0, 9, 605, 0
0, 10, 609, 0
0, 11, 606, 0
0, 12, 608, 0
0, 13, 608, 0
0, 14, 606, 0
0, 15, 609, 0
0, 16, 605, 0
0, 17, 608, 0
0, 18, 607, 0
0, 19, 607, 0
0, 20, 607, 0
0, 21, 607, 0
0, 22, 606, 0
0, 23, 609, 0
0, 24, 609, 0
0, 25, 610, 0
0, 26, 609, 0
0, 27, 606, 0
0, 28, 608, 0
0, 29, 624, 0
0, 30, 607, 0
0, 0, 0, 607
9100, 1, 616, 0
0, 2, 618, 0
0, 3, 617, 0
0, 4, 617, 0
0, 5, 617, 0
0, 6, 617, 0
0, 7, 614, 0
0, 8, 615, 0
0, 9, 615, 0
0, 10, 616, 0
0, 11, 615, 0
0, 12, 618, 0
0, 13, 619, 0
0, 14, 616, 0
0, 15, 624, 0
0, 16, 616, 0
0, 17, 617, 0
0, 18, 615, 0
0, 19, 615, 0
0, 20, 615, 0
0, 21, 616, 0
0, 22, 617, 0
0, 23, 618, 0
0, 24, 616, 0
0, 25, 617, 0
0, 26, 617, 0
0, 27, 618, 0
0, 28, 616, 0
0, 29, 616, 0
0, 30, 617, 0
0, 0, 0, 616
9150, 1, 609, 0
0, 2, 619, 0
0, 3, 615, 0
0, 4, 614, 0
0, 5, 614, 0
0, 6, 611, 0
0, 7, 615, 0
0, 8, 620, 0
0, 9, 614, 0
0, 10, 616, 0
0, 11, 616, 0
0, 12, 614, 0
0, 13, 614, 0
0, 14, 616, 0
0, 15, 618, 0
0, 16, 618, 0
0, 17, 614, 0
0, 18, 630, 0
0, 19, 616, 0
0, 20, 614, 0
0, 21, 614, 0
0, 22, 618, 0
0, 23, 615, 0
0, 24, 613, 0
0, 25, 615, 0
0, 26, 616, 0
0, 27, 615, 0
0, 28, 616, 0
0, 29, 615, 0
0, 30, 618, 0
0, 0, 0, 615
9200, 1, 617, 0
0, 2, 624, 0
0, 3, 622, 0
0, 4, 625, 0
0, 5, 625, 0
0, 6, 624, 0
0, 7, 623, 0
0, 8, 624, 0
0, 9, 622, 0
0, 10, 620, 0
0, 11, 623, 0
0, 12, 626, 0
0, 13, 625, 0
0, 14, 623, 0
0, 15, 623, 0
0, 16, 623, 0
0, 17, 624, 0
0, 18, 623, 0
0, 19, 625, 0
0, 20, 621, 0
0, 21, 624, 0
0, 22, 623, 0
0, 23, 622, 0
0, 24, 623, 0
0, 25, 622, 0
0, 26, 622, 0
0, 27, 624, 0
0, 28, 620, 0
0, 29, 624, 0
0, 30, 621, 0
0, 0, 0, 622
9250, 1, 620, 0
0, 2, 625, 0
0, 3, 622, 0
0, 4, 623, 0
0, 5, 622, 0
0, 6, 628, 0
0, 7, 622, 0
0, 8, 623, 0
0, 9, 622, 0
0, 10, 622, 0
0, 11, 621, 0
0, 12, 622, 0
0, 13, 624, 0
0, 14, 627, 0
0, 15, 626, 0
0, 16, 621, 0
0, 17, 623, 0
0, 18, 622, 0
0, 19, 621, 0
0, 20, 620, 0
0, 21, 622, 0
0, 22, 620, 0
0, 23, 626, 0
0, 24, 623, 0
0, 25, 621, 0
0, 26, 623, 0
0, 27, 618, 0
0, 28, 619, 0
0, 29, 621, 0
0, 30, 623, 0
0, 0, 0, 622
9300, 1, 628, 0
0, 2, 631, 0
0, 3, 630, 0
0, 4, 629, 0
0, 5, 630, 0
0, 6, 629, 0
0, 7, 630, 0
0, 8, 631, 0
0, 9, 629, 0
0, 10, 630, 0
0, 11, 627, 0
0, 12, 628, 0
0, 13, 630, 0
0, 14, 632, 0
0, 15, 629, 0
0, 16, 632, 0
0, 17, 629, 0
0, 18, 627, 0
0, 19, 630, 0
0, 20, 628, 0
0, 21, 629, 0
0, 22, 633, 0
0, 23, 630, 0
0, 24, 628, 0
0, 25, 646, 0
0, 26, 629, 0
0, 27, 630, 0
0, 28, 629, 0
0, 29, 630, 0
0, 30, 628, 0
0, 0, 0, 630
9350, 1, 626, 0
0, 2, 630, 0
0, 3, 629, 0
0, 4, 628, 0
0, 5, 630, 0
0, 6, 633, 0
0, 7, 628, 0
0, 8, 628, 0
0, 9, 630, 0
0, 10, 627, 0
0, 11, 634, 0
0, 12, 630, 0
0, 13, 630, 0
0, 14, 630, 0
0, 15, 629, 0
0, 16, 629, 0
0, 17, 632, 0
0, 18, 628, 0
0, 19, 631, 0
0, 20, 633, 0
0, 21, 628, 0
0, 22, 630, 0
0, 23, 630, 0
0, 24, 631, 0
0, 25, 630, 0
0, 26, 631, 0
0, 27, 628, 0
0, 28, 630, 0
0, 29, 628, 0
0, 30, 630, 0
0, 0, 0, 629
9400, 1, 631, 0
0, 2, 636, 0
0, 3, 634, 0
0, 4, 637, 0
0, 5, 634, 0
0, 6, 637, 0
0, 7, 639, 0
0, 8, 633, 0
0, 9, 638, 0
0, 10, 638, 0
0, 11, 637, 0
0, 12, 635, 0
0, 13, 651, 0
0, 14, 635, 0
0, 15, 634, 0
0, 16, 641, 0
0, 17, 641, 0
0, 18, 636, 0
0, 19, 634, 0
0, 20, 632, 0
0, 21, 634, 0
0, 22, 634, 0
0, 23, 635, 0
0, 24, 636, 0
0, 25, 634, 0
0, 26, 638, 0
0, 27, 639, 0
0, 28, 636, 0
0, 29, 635, 0
0, 30, 636, 0
0, 0, 0, 636
9450, 1, 632, 0
0, 2, 638, 0
0, 3, 636, 0
0, 4, 635, 0
0, 5, 642, 0
0, 6, 638, 0
0, 7, 637, 0
0, 8, 637, 0
0, 9, 636, 0
0, 10, 641, 0
0, 11, 637, 0
0, 12, 639, 0
0, 13, 635, 0
0, 14, 639, 0
0, 15, 639, 0
0, 16, 636, 0
0, 17, 638, 0
0, 18, 638, 0
0, 19, 635, 0
0, 20, 638, 0
0, 21, 635, 0
0, 22, 635, 0
0, 23, 636, 0
0, 24, 636, 0
0, 25, 634, 0
0, 26, 638, 0
0, 27, 639, 0
0, 28, 640, 0
0, 29, 637, 0
0, 30, 656, 0
0, 0, 0, 637
9500, 1, 637, 0
0, 2, 644, 0
0, 3, 642, 0
0, 4, 640, 0
0, 5, 642, 0
0, 6, 642, 0
0, 7, 641, 0
0, 8, 644, 0
0, 9, 642, 0
0, 10, 642, 0
0, 11, 640, 0
0, 12, 642, 0
0, 13, 641, 0
0, 14, 642, 0
0, 15, 643, 0
0, 16, 648, 0
0, 17, 640, 0
0, 18, 645, 0
0, 19, 642, 0
0, 20, 640, 0
0, 21, 648, 0
0, 22, 641, 0
0, 23, 639, 0
0, 24, 642, 0
0, 25, 644, 0
0, 26, 641, 0
0, 27, 644, 0
0, 28, 643, 0
0, 29, 642, 0
0, 30, 643, 0
0, 0, 0, 642
9550, 1, 638, 0
0, 2, 647, 0
0, 3, 643, 0
0, 4, 644, 0
0, 5, 644, 0
0, 6, 641, 0
0, 7, 649, 0
0, 8, 643, 0
0, 9, 643, 0
0, 10, 642, 0
0, 11, 644, 0
0, 12, 647, 0
0, 13, 645, 0
0, 14, 645, 0
0, 15, 646, 0
0, 16, 653, 0
0, 17, 656, 0
0, 18, 644, 0
0, 19, 644, 0
0, 20, 645, 0
0, 21, 644, 0
0, 22, 642, 0
0, 23, 644, 0
0, 24, 646, 0
0, 25, 644, 0
0, 26, 645, 0
0, 27, 646, 0
0, 28, 645, 0
0, 29, 644, 0
0, 30, 647, 0
0, 0, 0, 645
9600, 1, 641, 0
0, 2, 646, 0
0, 3, 647, 0
0, 4, 647, 0
0, 5, 647, 0
0, 6, 647, 0
0, 7, 646, 0
0, 8, 647, 0
0, 9, 647, 0
0, 10, 645, 0
0, 11, 646, 0
0, 12, 648, 0
0, 13, 644, 0
0, 14, 650, 0
0, 15, 649, 0
0, 16, 646, 0
0, 17, 649, 0
0, 18, 646, 0
0, 19, 649, 0
0, 20, 646, 0
0, 21, 646, 0
0, 22, 647, 0
0, 23, 645, 0
0, 24, 647, 0
0, 25, 650, 0
0, 26, 649, 0
0, 27, 650, 0
0, 28, 645, 0
0, 29, 649, 0
0, 30, 647, 0
0, 0, 0, 646
9650, 1, 646, 0
0, 2, 654, 0
0, 3, 652, 0
0, 4, 663, 0
0, 5, 652, 0
0, 6, 659, 0
0, 7, 653, 0
0, 8, 650, 0
0, 9, 651, 0
0, 10, 653, 0
0, 11, 652, 0
0, 12, 659, 0
0, 13, 653, 0
0, 14, 652, 0
0, 15, 653, 0
0, 16, 651, 0
0, 17, 658, 0
0, 18, 650, 0
0, 19, 652, 0
0, 20, 649, 0
0, 21, 651, 0
0, 22, 648, 0
0, 23, 652, 0
0, 24, 654, 0
0, 25, 656, 0
0, 26, 650, 0
0, 27, 653, 0
0, 28, 650, 0
0, 29, 654, 0
0, 30, 651, 0
0, 0, 0, 652
9700, 1, 648, 0
0, 2, 656, 0
0, 3, 658, 0
0, 4, 653, 0
0, 5, 655, 0
0, 6, 652, 0
0, 7, 654, 0
0, 8, 659, 0
0, 9, 651, 0
0, 10, 654, 0
0, 11, 655, 0
0, 12, 662, 0
0, 13, 654, 0
0, 14, 653, 0
0, 15, 654, 0
0, 16, 654, 0
0, 17, 656, 0
0, 18, 654, 0
0, 19, 654, 0
0, 20, 652, 0
0, 21, 673, 0
0, 22, 653, 0
0, 23, 654, 0
0, 24, 658, 0
0, 25, 652, 0
0, 26, 656, 0
0, 27, 651, 0
0, 28, 651, 0
0, 29, 652, 0
0, 30, 654, 0
0, 0, 0, 654
9750, 1, 659, 0
0, 2, 659, 0
0, 3, 662, 0
0, 4, 658, 0
0, 5, 660, 0
0, 6, 658, 0
0, 7, 661, 0
0, 8, 662, 0
0, 9, 658, 0
0, 10, 660, 0
0, 11, 662, 0
0, 12, 658, 0
0, 13, 662, 0
0, 14, 661, 0
0, 15, 666, 0
0, 16, 661, 0
0, 17, 661, 0
0, 18, 661, 0
0, 19, 660, 0
0, 20, 660, 0
0, 21, 664, 0
0, 22, 661, 0
0, 23, 660, 0
0, 24, 660, 0
0, 25, 660, 0
0, 26, 665, 0
0, 27, 663, 0
0, 28, 659, 0
0, 29, 657, 0
0, 30, 659, 0
0, 0, 0, 660
9800, 1, 656, 0
0, 2, 664, 0
0, 3, 666, 0
0, 4, 658, 0
0, 5, 660, 0
0, 6, 668, 0
0, 7, 659, 0
0, 8, 660, 0
0, 9, 660, 0
0, 10, 661, 0
0, 11, 665, 0
0, 12, 663, 0
0, 13, 661, 0
0, 14, 659, 0
0, 15, 660, 0
0, 16, 661, 0
0, 17, 660, 0
0, 18, 660, 0
0, 19, 660, 0
0, 20, 661, 0
0, 21, 657, 0
0, 22, 661, 0
0, 23, 658, 0
0, 24, 665, 0
0, 25, 661, 0
0, 26, 659, 0
0, 27, 661, 0
0, 28, 660, 0
0, 29, 662, 0
0, 30, 663, 0
0, 0, 0, 660
9850, 1, 660, 0
0, 2, 671, 0
0, 3, 665, 0
0, 4, 669, 0
0, 5, 668, 0
0, 6, 672, 0
0, 7, 669, 0
0, 8, 665, 0
0, 9, 667, 0
0, 10, 669, 0
0, 11, 666, 0
0, 12, 669, 0
0, 13, 668, 0
0, 14, 668, 0
0, 15, 666, 0
0, 16, 673, 0
0, 17, 666, 0
0, 18, 674, 0
0, 19, 674, 0
0, 20, 671, 0
0, 21, 676, 0
0, 22, 686, 0
0, 23, 667, 0
0, 24, 669, 0
0, 25, 672, 0
0, 26, 666, 0
0, 27, 669, 0
0, 28, 668, 0
0, 29, 667, 0
0, 30, 668, 0
0, 0, 0, 669
9900, 1, 661, 0
0, 2, 670, 0
0, 3, 668, 0
0, 4, 665, 0
0, 5, 665, 0
0, 6, 665, 0
0, 7, 665, 0
0, 8, 664, 0
0, 9, 663, 0
0, 10, 666, 0
0, 11, 664, 0
0, 12, 665, 0
0, 13, 667, 0
0, 14, 664, 0
0, 15, 668, 0
0, 16, 663, 0
0, 17, 666, 0
0, 18, 665, 0
0, 19, 667, 0
0, 20, 665, 0
0, 21, 665, 0
0, 22, 666, 0
0, 23, 669, 0
0, 24, 668, 0
0, 25, 666, 0
0, 26, 667, 0
0, 27, 669, 0
0, 28, 669, 0
0, 29, 664, 0
0, 30, 666, 0
0, 0, 0, 665
9950, 1, 670, 0
0, 2, 678, 0
0, 3, 677, 0
0, 4, 677, 0
0, 5, 677, 0
0, 6, 678, 0
0, 7, 689, 0
0, 8, 678, 0
0, 9, 676, 0
0, 10, 677, 0
0, 11, 677, 0
0, 12, 677, 0
0, 13, 678, 0
0, 14, 675, 0
0, 15, 675, 0
0, 16, 678, 0
0, 17, 674, 0
0, 18, 677, 0
0, 19, 676, 0
0, 20, 675, 0
0, 21, 675, 0
0, 22, 675, 0
0, 23, 676, 0
0, 24, 675, 0
0, 25, 678, 0
0, 26, 674, 0
0, 27, 680, 0
0, 28, 675, 0
0, 29, 679, 0
0, 30, 677, 0
0, 0, 0, 676
10000, 1, 666, 0
0, 2, 668, 0
0, 3, 675, 0
0, 4, 675, 0
0, 5, 684, 0
0, 6, 672, 0
0, 7, 674, 0
0, 8, 675, 0
0, 9, 679, 0
0, 10, 673, 0
0, 11, 675, 0
0, 12, 674, 0
0, 13, 673, 0
0, 14, 673, 0
0, 15, 672, 0
0, 16, 673, 0
0, 17, 674, 0
0, 18, 673, 0
0, 19, 675, 0
0, 20, 674, 0
0, 21, 675, 0
0, 22, 690, 0
0, 23, 679, 0
0, 24, 673, 0
0, 25, 674, 0
0, 26, 673, 0
0, 27, 673, 0
0, 28, 674, 0
0, 29, 674, 0
0, 30, 673, 0
0, 0, 0, 674
